,IID,01:03,02:02,02:01,01:04i2,02:06
0,HLA_1,2,0,0,0,0
1,HLA_2,1,0,1,0,0
2,HLA_3,1,0,1,0,0
3,HLA_4,2,0,0,0,0
4,HLA_5,2,0,0,0,0
5,HLA_6,0,2,0,0,0
6,HLA_7,1,0,1,0,0
7,HLA_8,1,1,0,0,0
8,HLA_9,1,0,1,0,0
9,HLA_10,2,0,0,0,0
10,HLA_11,0,2,0,0,0
11,HLA_12,1,1,0,0,0
12,HLA_13,1,1,0,0,0
13,HLA_14,2,0,0,0,0
14,HLA_15,2,0,0,0,0
15,HLA_16,1,0,1,0,0
16,HLA_17,1,1,0,0,0
17,HLA_18,1,0,1,0,0
18,HLA_19,2,0,0,0,0
19,HLA_20,0,0,2,0,0
20,HLA_21,0,2,0,0,0
21,HLA_22,2,0,0,0,0
22,HLA_23,2,0,0,0,0
23,HLA_24,2,0,0,0,0
24,HLA_25,1,0,1,0,0
25,HLA_26,2,0,0,0,0
26,HLA_27,2,0,0,0,0
27,HLA_28,1,0,1,0,0
28,HLA_29,1,1,0,0,0
29,HLA_30,2,0,0,0,0
30,HLA_31,1,0,1,0,0
31,HLA_32,2,0,0,0,0
32,HLA_33,2,0,0,0,0
33,HLA_34,1,0,1,0,0
34,HLA_35,2,0,0,0,0
35,HLA_36,1,1,0,0,0
36,HLA_37,2,0,0,0,0
37,HLA_38,0,1,1,0,0
38,HLA_39,0,1,0,0,1
39,HLA_40,2,0,0,0,0
40,HLA_41,2,0,0,0,0
41,HLA_42,1,1,0,0,0
42,HLA_43,1,0,1,0,0
43,HLA_44,2,0,0,0,0
44,HLA_45,2,0,0,0,0
45,HLA_46,2,0,0,0,0
46,HLA_47,2,0,0,0,0
47,HLA_48,2,0,0,0,0
48,HLA_49,2,0,0,0,0
49,HLA_50,1,1,0,0,0
50,HLA_51,2,0,0,0,0
51,HLA_52,1,1,0,0,0
52,HLA_53,0,2,0,0,0
53,HLA_54,1,1,0,0,0
54,HLA_55,1,1,0,0,0
55,HLA_56,2,0,0,0,0
56,HLA_57,2,0,0,0,0
57,HLA_58,1,0,1,0,0
58,HLA_59,1,1,0,0,0
59,HLA_60,2,0,0,0,0
60,HLA_61,2,0,0,0,0
61,HLA_62,2,0,0,0,0
62,HLA_63,2,0,0,0,0
63,HLA_64,2,0,0,0,0
64,HLA_65,2,0,0,0,0
65,HLA_66,2,0,0,0,0
66,HLA_67,2,0,0,0,0
67,HLA_68,2,0,0,0,0
68,HLA_69,0,2,0,0,0
69,HLA_70,2,0,0,0,0
70,HLA_71,0,2,0,0,0
71,HLA_72,1,0,1,0,0
72,HLA_73,2,0,0,0,0
73,HLA_74,1,0,1,0,0
74,HLA_75,2,0,0,0,0
75,HLA_76,1,1,0,0,0
76,HLA_77,2,0,0,0,0
77,HLA_78,2,0,0,0,0
78,HLA_79,2,0,0,0,0
79,HLA_80,2,0,0,0,0
80,HLA_81,2,0,0,0,0
81,HLA_82,2,0,0,0,0
82,HLA_83,2,0,0,0,0
83,HLA_84,2,0,0,0,0
84,HLA_85,2,0,0,0,0
85,HLA_86,0,2,0,0,0
86,HLA_87,1,1,0,0,0
87,HLA_88,2,0,0,0,0
88,HLA_89,2,0,0,0,0
89,HLA_90,2,0,0,0,0
90,HLA_91,0,2,0,0,0
91,HLA_92,1,0,1,0,0
92,HLA_93,1,0,1,0,0
93,HLA_94,2,0,0,0,0
94,HLA_95,1,0,1,0,0
95,HLA_96,1,1,0,0,0
96,HLA_97,1,0,1,0,0
97,HLA_98,2,0,0,0,0
98,HLA_99,1,0,0,1,0
99,HLA_100,2,0,0,0,0
100,HLA_101,2,0,0,0,0
101,HLA_102,0,0,2,0,0
102,HLA_103,2,0,0,0,0
103,HLA_104,2,0,0,0,0
104,HLA_105,2,0,0,0,0
105,HLA_106,2,0,0,0,0
106,HLA_107,2,0,0,0,0
107,HLA_108,2,0,0,0,0
108,HLA_109,2,0,0,0,0
109,HLA_110,2,0,0,0,0
110,HLA_111,0,2,0,0,0
111,HLA_112,2,0,0,0,0
112,HLA_113,1,0,1,0,0
113,HLA_114,2,0,0,0,0
114,HLA_115,2,0,0,0,0
115,HLA_116,0,2,0,0,0
116,HLA_117,2,0,0,0,0
117,HLA_118,2,0,0,0,0
118,HLA_119,2,0,0,0,0
119,HLA_120,2,0,0,0,0
120,HLA_121,2,0,0,0,0
121,HLA_122,2,0,0,0,0
122,HLA_123,0,2,0,0,0
123,HLA_124,0,2,0,0,0
124,HLA_125,1,0,1,0,0
125,HLA_126,2,0,0,0,0
126,HLA_127,2,0,0,0,0
127,HLA_128,1,0,1,0,0
128,HLA_129,0,2,0,0,0
129,HLA_130,2,0,0,0,0
130,HLA_131,1,0,1,0,0
131,HLA_132,1,0,1,0,0
132,HLA_133,1,0,1,0,0
133,HLA_134,2,0,0,0,0
134,HLA_135,0,1,1,0,0
135,HLA_136,1,0,1,0,0
136,HLA_137,1,0,1,0,0
137,HLA_138,0,1,0,0,1
138,HLA_139,1,1,0,0,0
139,HLA_140,2,0,0,0,0
140,HLA_141,1,0,1,0,0
141,HLA_142,2,0,0,0,0
142,HLA_143,1,1,0,0,0
143,HLA_144,2,0,0,0,0
144,HLA_145,2,0,0,0,0
145,HLA_146,2,0,0,0,0
146,HLA_147,2,0,0,0,0
147,HLA_148,0,1,1,0,0
148,HLA_149,2,0,0,0,0
149,HLA_150,1,1,0,0,0
150,HLA_151,1,0,1,0,0
151,HLA_152,1,0,1,0,0
152,HLA_153,1,1,0,0,0
153,HLA_154,2,0,0,0,0
154,HLA_155,0,2,0,0,0
155,HLA_156,2,0,0,0,0
156,HLA_157,1,0,1,0,0
157,HLA_158,2,0,0,0,0
158,HLA_159,2,0,0,0,0
159,HLA_160,1,0,0,0,1
160,HLA_161,2,0,0,0,0
161,HLA_162,2,0,0,0,0
162,HLA_163,2,0,0,0,0
163,HLA_164,1,0,1,0,0
164,HLA_165,0,1,1,0,0
165,HLA_166,0,1,1,0,0
166,HLA_167,2,0,0,0,0
167,HLA_168,1,0,1,0,0
168,HLA_169,2,0,0,0,0
169,HLA_170,0,1,1,0,0
170,HLA_171,2,0,0,0,0
171,HLA_172,1,0,1,0,0
172,HLA_173,2,0,0,0,0
173,HLA_174,2,0,0,0,0
174,HLA_175,2,0,0,0,0
175,HLA_176,2,0,0,0,0
176,HLA_177,1,0,1,0,0
177,HLA_178,1,0,1,0,0
178,HLA_179,2,0,0,0,0
179,HLA_180,2,0,0,0,0
180,HLA_181,2,0,0,0,0
181,HLA_182,1,1,0,0,0
182,HLA_183,1,0,1,0,0
183,HLA_184,1,0,1,0,0
184,HLA_185,1,0,1,0,0
185,HLA_186,2,0,0,0,0
186,HLA_187,2,0,0,0,0
187,HLA_188,2,0,0,0,0
188,HLA_189,2,0,0,0,0
189,HLA_190,1,1,0,0,0
190,HLA_191,2,0,0,0,0
191,HLA_192,1,0,1,0,0
192,HLA_193,0,2,0,0,0
193,HLA_194,2,0,0,0,0
194,HLA_195,2,0,0,0,0
195,HLA_196,2,0,0,0,0
196,HLA_197,2,0,0,0,0
197,HLA_198,1,0,1,0,0
198,HLA_199,0,2,0,0,0
199,HLA_200,2,0,0,0,0
200,HLA_201,2,0,0,0,0
201,HLA_202,0,2,0,0,0
202,HLA_203,1,0,1,0,0
203,HLA_204,1,0,1,0,0
204,HLA_205,1,0,1,0,0
205,HLA_206,1,0,1,0,0
206,HLA_207,1,1,0,0,0
207,HLA_208,2,0,0,0,0
208,HLA_209,1,1,0,0,0
209,HLA_210,2,0,0,0,0
210,HLA_211,2,0,0,0,0
211,HLA_212,2,0,0,0,0
212,HLA_213,2,0,0,0,0
213,HLA_214,2,0,0,0,0
214,HLA_215,1,0,1,0,0
215,HLA_216,2,0,0,0,0
216,HLA_217,1,0,1,0,0
217,HLA_218,2,0,0,0,0
218,HLA_219,2,0,0,0,0
219,HLA_220,1,0,1,0,0
220,HLA_221,1,0,1,0,0
221,HLA_222,1,1,0,0,0
222,HLA_223,1,1,0,0,0
223,HLA_224,2,0,0,0,0
224,HLA_225,2,0,0,0,0
225,HLA_226,2,0,0,0,0
226,HLA_227,2,0,0,0,0
227,HLA_228,2,0,0,0,0
228,HLA_229,2,0,0,0,0
229,HLA_230,2,0,0,0,0
230,HLA_231,1,0,0,0,1
231,HLA_232,1,1,0,0,0
232,HLA_233,0,0,2,0,0
233,HLA_234,1,1,0,0,0
234,HLA_235,2,0,0,0,0
235,HLA_236,1,0,1,0,0
236,HLA_237,2,0,0,0,0
237,HLA_238,2,0,0,0,0
238,HLA_239,1,0,1,0,0
239,HLA_240,2,0,0,0,0
240,HLA_241,1,1,0,0,0
241,HLA_242,1,0,1,0,0
242,HLA_243,2,0,0,0,0
243,HLA_244,2,0,0,0,0
244,HLA_245,1,1,0,0,0
245,HLA_246,0,1,1,0,0
246,HLA_247,1,1,0,0,0
247,HLA_248,1,0,1,0,0
248,HLA_249,2,0,0,0,0
249,HLA_250,0,2,0,0,0
250,HLA_251,2,0,0,0,0
251,HLA_252,1,0,1,0,0
252,HLA_253,2,0,0,0,0
253,HLA_254,2,0,0,0,0
254,HLA_255,1,0,1,0,0
255,HLA_256,1,0,1,0,0
256,HLA_257,2,0,0,0,0
257,HLA_258,2,0,0,0,0
258,HLA_259,2,0,0,0,0
259,HLA_260,2,0,0,0,0
260,HLA_261,2,0,0,0,0
261,HLA_262,2,0,0,0,0
262,HLA_263,2,0,0,0,0
263,HLA_264,1,0,1,0,0
264,HLA_265,1,1,0,0,0
265,HLA_266,2,0,0,0,0
266,HLA_267,2,0,0,0,0
267,HLA_268,1,1,0,0,0
268,HLA_269,2,0,0,0,0
269,HLA_270,2,0,0,0,0
270,HLA_271,2,0,0,0,0
271,HLA_272,2,0,0,0,0
272,HLA_273,2,0,0,0,0
273,HLA_274,2,0,0,0,0
274,HLA_275,1,1,0,0,0
275,HLA_276,1,0,1,0,0
276,HLA_277,1,0,1,0,0
277,HLA_278,2,0,0,0,0
278,HLA_279,1,0,1,0,0
279,HLA_280,1,0,1,0,0
280,HLA_281,2,0,0,0,0
281,HLA_282,1,0,1,0,0
282,HLA_283,2,0,0,0,0
283,HLA_284,1,0,1,0,0
284,HLA_285,1,0,1,0,0
285,HLA_286,2,0,0,0,0
286,HLA_287,1,0,1,0,0
287,HLA_288,2,0,0,0,0
288,HLA_289,1,0,1,0,0
289,HLA_290,2,0,0,0,0
290,HLA_291,1,0,1,0,0
291,HLA_292,2,0,0,0,0
292,HLA_293,2,0,0,0,0
293,HLA_294,2,0,0,0,0
294,HLA_295,2,0,0,0,0
295,HLA_296,2,0,0,0,0
296,HLA_297,0,1,1,0,0
297,HLA_298,1,0,1,0,0
298,HLA_299,1,1,0,0,0
299,HLA_300,1,0,1,0,0
300,HLA_301,2,0,0,0,0
301,HLA_302,2,0,0,0,0
302,HLA_303,1,0,1,0,0
303,HLA_304,2,0,0,0,0
304,HLA_305,1,0,1,0,0
305,HLA_306,2,0,0,0,0
306,HLA_307,1,0,0,0,1
307,HLA_308,2,0,0,0,0
308,HLA_309,2,0,0,0,0
309,HLA_310,2,0,0,0,0
310,HLA_311,1,1,0,0,0
311,HLA_312,1,0,1,0,0
312,HLA_313,0,2,0,0,0
313,HLA_314,1,0,1,0,0
314,HLA_315,2,0,0,0,0
315,HLA_316,1,0,0,1,0
316,HLA_317,1,1,0,0,0
317,HLA_318,2,0,0,0,0
318,HLA_319,1,1,0,0,0
319,HLA_320,1,1,0,0,0
320,HLA_321,2,0,0,0,0
321,HLA_322,2,0,0,0,0
322,HLA_323,1,0,1,0,0
323,HLA_324,2,0,0,0,0
324,HLA_325,2,0,0,0,0
325,HLA_326,2,0,0,0,0
326,HLA_327,1,1,0,0,0
327,HLA_328,1,0,1,0,0
328,HLA_329,2,0,0,0,0
329,HLA_330,2,0,0,0,0
330,HLA_331,2,0,0,0,0
331,HLA_332,2,0,0,0,0
332,HLA_333,1,0,1,0,0
333,HLA_334,2,0,0,0,0
334,HLA_335,0,2,0,0,0
335,HLA_336,0,1,1,0,0
336,HLA_337,2,0,0,0,0
337,HLA_338,1,0,1,0,0
338,HLA_339,1,0,1,0,0
339,HLA_340,1,1,0,0,0
340,HLA_341,1,0,1,0,0
341,HLA_342,2,0,0,0,0
342,HLA_343,1,1,0,0,0
343,HLA_344,2,0,0,0,0
344,HLA_345,2,0,0,0,0
345,HLA_346,1,1,0,0,0
346,HLA_347,0,0,2,0,0
347,HLA_348,2,0,0,0,0
348,HLA_349,2,0,0,0,0
349,HLA_350,1,1,0,0,0
350,HLA_351,2,0,0,0,0
351,HLA_352,2,0,0,0,0
352,HLA_353,2,0,0,0,0
353,HLA_354,0,1,1,0,0
354,HLA_355,2,0,0,0,0
355,HLA_356,2,0,0,0,0
356,HLA_357,0,0,2,0,0
357,HLA_358,1,0,1,0,0
358,HLA_359,2,0,0,0,0
359,HLA_360,2,0,0,0,0
360,HLA_361,2,0,0,0,0
361,HLA_362,2,0,0,0,0
362,HLA_363,2,0,0,0,0
363,HLA_364,1,0,1,0,0
364,HLA_365,1,0,1,0,0
365,HLA_366,2,0,0,0,0
366,HLA_367,2,0,0,0,0
367,HLA_368,1,0,1,0,0
368,HLA_369,2,0,0,0,0
369,HLA_370,2,0,0,0,0
370,HLA_371,1,0,1,0,0
371,HLA_372,1,1,0,0,0
372,HLA_373,2,0,0,0,0
373,HLA_374,1,0,1,0,0
374,HLA_375,2,0,0,0,0
375,HLA_376,2,0,0,0,0
376,HLA_377,2,0,0,0,0
377,HLA_378,2,0,0,0,0
378,HLA_379,2,0,0,0,0
379,HLA_380,2,0,0,0,0
380,HLA_381,1,1,0,0,0
381,HLA_382,2,0,0,0,0
382,HLA_383,0,1,0,0,1
383,HLA_384,1,1,0,0,0
384,HLA_385,1,0,1,0,0
385,HLA_386,2,0,0,0,0
386,HLA_387,2,0,0,0,0
387,HLA_388,2,0,0,0,0
388,HLA_389,2,0,0,0,0
389,HLA_390,1,0,0,0,1
390,HLA_391,2,0,0,0,0
391,HLA_392,2,0,0,0,0
392,HLA_393,2,0,0,0,0
393,HLA_394,2,0,0,0,0
394,HLA_395,0,2,0,0,0
395,HLA_396,1,0,0,0,1
396,HLA_397,2,0,0,0,0
397,HLA_398,2,0,0,0,0
398,HLA_399,2,0,0,0,0
399,HLA_400,0,1,1,0,0
400,HLA_401,2,0,0,0,0
401,HLA_402,0,2,0,0,0
402,HLA_403,1,1,0,0,0
403,HLA_404,1,0,1,0,0
404,HLA_405,2,0,0,0,0
405,HLA_406,2,0,0,0,0
406,HLA_407,2,0,0,0,0
407,HLA_408,0,1,1,0,0
408,HLA_409,1,0,1,0,0
409,HLA_410,1,0,1,0,0
410,HLA_411,1,0,1,0,0
411,HLA_412,1,0,1,0,0
412,HLA_413,2,0,0,0,0
413,HLA_414,2,0,0,0,0
414,HLA_415,1,0,1,0,0
415,HLA_416,1,0,1,0,0
416,HLA_417,1,1,0,0,0
417,HLA_418,2,0,0,0,0
418,HLA_419,2,0,0,0,0
419,HLA_420,1,0,1,0,0
420,HLA_421,1,0,1,0,0
421,HLA_422,2,0,0,0,0
422,HLA_423,2,0,0,0,0
423,HLA_424,2,0,0,0,0
424,HLA_425,1,0,1,0,0
425,HLA_426,2,0,0,0,0
426,HLA_427,2,0,0,0,0
427,HLA_428,2,0,0,0,0
428,HLA_429,2,0,0,0,0
429,HLA_430,2,0,0,0,0
430,HLA_431,1,1,0,0,0
431,HLA_432,2,0,0,0,0
432,HLA_433,0,2,0,0,0
433,HLA_434,1,1,0,0,0
434,HLA_435,2,0,0,0,0
435,HLA_436,0,2,0,0,0
436,HLA_437,1,0,1,0,0
437,HLA_438,1,1,0,0,0
438,HLA_439,1,0,1,0,0
439,HLA_440,0,0,2,0,0
440,HLA_441,2,0,0,0,0
441,HLA_442,0,0,2,0,0
442,HLA_443,1,1,0,0,0
443,HLA_444,2,0,0,0,0
444,HLA_445,2,0,0,0,0
445,HLA_446,0,1,1,0,0
446,HLA_447,2,0,0,0,0
447,HLA_448,2,0,0,0,0
448,HLA_449,2,0,0,0,0
449,HLA_450,0,1,1,0,0
450,HLA_451,1,0,1,0,0
451,HLA_452,1,1,0,0,0
452,HLA_453,1,0,1,0,0
453,HLA_454,2,0,0,0,0
454,HLA_455,2,0,0,0,0
455,HLA_456,1,1,0,0,0
456,HLA_457,2,0,0,0,0
457,HLA_458,2,0,0,0,0
458,HLA_459,2,0,0,0,0
459,HLA_460,2,0,0,0,0
460,HLA_461,1,1,0,0,0
461,HLA_462,2,0,0,0,0
462,HLA_463,1,0,1,0,0
463,HLA_464,2,0,0,0,0
464,HLA_465,2,0,0,0,0
465,HLA_466,2,0,0,0,0
466,HLA_467,2,0,0,0,0
467,HLA_468,1,0,1,0,0
468,HLA_469,2,0,0,0,0
469,HLA_470,2,0,0,0,0
470,HLA_471,1,0,1,0,0
471,HLA_472,1,0,1,0,0
472,HLA_473,1,1,0,0,0
473,HLA_474,2,0,0,0,0
474,HLA_475,2,0,0,0,0
475,HLA_476,2,0,0,0,0
476,HLA_477,2,0,0,0,0
477,HLA_478,1,0,1,0,0
478,HLA_479,2,0,0,0,0
479,HLA_480,2,0,0,0,0
480,HLA_481,1,0,1,0,0
481,HLA_482,2,0,0,0,0
482,HLA_483,2,0,0,0,0
483,HLA_484,0,2,0,0,0
484,HLA_485,1,0,1,0,0
485,HLA_486,2,0,0,0,0
486,HLA_487,2,0,0,0,0
487,HLA_488,2,0,0,0,0
488,HLA_489,2,0,0,0,0
489,HLA_490,1,0,1,0,0
490,HLA_491,0,2,0,0,0
491,HLA_492,2,0,0,0,0
492,HLA_493,0,2,0,0,0
493,HLA_494,1,1,0,0,0
494,HLA_495,1,0,1,0,0
495,HLA_496,1,1,0,0,0
496,HLA_497,1,1,0,0,0
497,HLA_498,2,0,0,0,0
498,HLA_499,1,0,1,0,0
499,HLA_500,0,2,0,0,0
500,HLA_501,2,0,0,0,0
501,HLA_502,1,0,1,0,0
502,HLA_503,1,0,0,0,1
503,HLA_504,2,0,0,0,0
504,HLA_505,0,0,2,0,0
505,HLA_506,2,0,0,0,0
506,HLA_507,2,0,0,0,0
507,HLA_508,1,0,0,0,1
508,HLA_509,1,0,1,0,0
509,HLA_510,2,0,0,0,0
510,HLA_511,0,0,2,0,0
511,HLA_512,1,1,0,0,0
512,HLA_513,2,0,0,0,0
513,HLA_514,1,1,0,0,0
514,HLA_515,1,0,1,0,0
515,HLA_516,2,0,0,0,0
516,HLA_517,2,0,0,0,0
517,HLA_518,2,0,0,0,0
518,HLA_519,2,0,0,0,0
519,HLA_520,1,1,0,0,0
520,HLA_521,2,0,0,0,0
521,HLA_522,0,1,1,0,0
522,HLA_523,2,0,0,0,0
523,HLA_524,2,0,0,0,0
524,HLA_525,2,0,0,0,0
525,HLA_526,1,1,0,0,0
526,HLA_527,2,0,0,0,0
527,HLA_528,2,0,0,0,0
528,HLA_529,1,0,1,0,0
529,HLA_530,0,1,1,0,0
530,HLA_531,2,0,0,0,0
531,HLA_532,0,2,0,0,0
532,HLA_533,1,0,1,0,0
533,HLA_534,2,0,0,0,0
534,HLA_535,2,0,0,0,0
535,HLA_536,2,0,0,0,0
536,HLA_537,1,1,0,0,0
537,HLA_538,1,0,1,0,0
538,HLA_539,2,0,0,0,0
539,HLA_540,2,0,0,0,0
540,HLA_541,1,0,0,0,1
541,HLA_542,1,1,0,0,0
542,HLA_543,1,1,0,0,0
543,HLA_544,2,0,0,0,0
544,HLA_545,2,0,0,0,0
545,HLA_546,2,0,0,0,0
546,HLA_547,1,1,0,0,0
547,HLA_548,2,0,0,0,0
548,HLA_549,1,0,1,0,0
549,HLA_550,0,2,0,0,0
550,HLA_551,2,0,0,0,0
551,HLA_552,2,0,0,0,0
552,HLA_553,0,2,0,0,0
553,HLA_554,1,0,1,0,0
554,HLA_555,1,0,1,0,0
555,HLA_556,2,0,0,0,0
556,HLA_557,2,0,0,0,0
557,HLA_558,1,1,0,0,0
558,HLA_559,2,0,0,0,0
559,HLA_560,2,0,0,0,0
560,HLA_561,2,0,0,0,0
561,HLA_562,2,0,0,0,0
562,HLA_563,2,0,0,0,0
563,HLA_564,2,0,0,0,0
564,HLA_565,2,0,0,0,0
565,HLA_566,1,0,1,0,0
566,HLA_567,0,1,0,0,1
567,HLA_568,1,1,0,0,0
568,HLA_569,1,1,0,0,0
569,HLA_570,2,0,0,0,0
570,HLA_571,2,0,0,0,0
571,HLA_572,0,1,1,0,0
572,HLA_573,2,0,0,0,0
573,HLA_574,1,0,1,0,0
574,HLA_575,2,0,0,0,0
575,HLA_576,2,0,0,0,0
576,HLA_577,2,0,0,0,0
577,HLA_578,0,1,0,0,1
578,HLA_579,0,0,2,0,0
579,HLA_580,2,0,0,0,0
580,HLA_581,1,0,1,0,0
581,HLA_582,1,0,1,0,0
582,HLA_583,1,0,0,0,1
583,HLA_584,1,0,1,0,0
584,HLA_585,2,0,0,0,0
585,HLA_586,2,0,0,0,0
586,HLA_587,2,0,0,0,0
587,HLA_588,0,0,2,0,0
588,HLA_589,1,0,1,0,0
589,HLA_590,2,0,0,0,0
590,HLA_591,2,0,0,0,0
591,HLA_592,2,0,0,0,0
592,HLA_593,2,0,0,0,0
593,HLA_594,2,0,0,0,0
594,HLA_595,2,0,0,0,0
595,HLA_596,1,0,1,0,0
596,HLA_597,1,1,0,0,0
597,HLA_598,1,0,1,0,0
598,HLA_599,0,1,1,0,0
599,HLA_600,0,1,1,0,0
600,HLA_601,1,0,1,0,0
601,HLA_602,1,0,1,0,0
602,HLA_603,1,1,0,0,0
603,HLA_604,2,0,0,0,0
604,HLA_605,1,0,1,0,0
605,HLA_606,2,0,0,0,0
606,HLA_607,1,0,1,0,0
607,HLA_608,2,0,0,0,0
608,HLA_609,1,1,0,0,0
609,HLA_610,0,2,0,0,0
610,HLA_611,0,2,0,0,0
611,HLA_612,1,0,1,0,0
612,HLA_613,2,0,0,0,0
613,HLA_614,1,0,1,0,0
614,HLA_615,2,0,0,0,0
615,HLA_616,1,0,1,0,0
616,HLA_617,1,0,1,0,0
617,HLA_618,2,0,0,0,0
618,HLA_619,1,1,0,0,0
619,HLA_620,1,0,1,0,0
620,HLA_621,1,0,1,0,0
621,HLA_622,2,0,0,0,0
622,HLA_623,0,0,2,0,0
623,HLA_624,2,0,0,0,0
624,HLA_625,1,0,0,0,1
625,HLA_626,1,1,0,0,0
626,HLA_627,2,0,0,0,0
627,HLA_628,1,1,0,0,0
628,HLA_629,2,0,0,0,0
629,HLA_630,2,0,0,0,0
630,HLA_631,0,2,0,0,0
631,HLA_632,2,0,0,0,0
632,HLA_633,2,0,0,0,0
633,HLA_634,2,0,0,0,0
634,HLA_635,0,2,0,0,0
635,HLA_636,1,0,1,0,0
636,HLA_637,1,1,0,0,0
637,HLA_638,1,0,1,0,0
638,HLA_639,2,0,0,0,0
639,HLA_640,2,0,0,0,0
640,HLA_641,2,0,0,0,0
641,HLA_642,2,0,0,0,0
642,HLA_643,1,0,1,0,0
643,HLA_644,2,0,0,0,0
644,HLA_645,1,1,0,0,0
645,HLA_646,1,1,0,0,0
646,HLA_647,2,0,0,0,0
647,HLA_648,2,0,0,0,0
648,HLA_649,1,0,1,0,0
649,HLA_650,2,0,0,0,0
650,HLA_651,1,1,0,0,0
651,HLA_652,2,0,0,0,0
652,HLA_653,2,0,0,0,0
653,HLA_654,2,0,0,0,0
654,HLA_655,2,0,0,0,0
655,HLA_656,2,0,0,0,0
656,HLA_657,2,0,0,0,0
657,HLA_658,2,0,0,0,0
658,HLA_659,2,0,0,0,0
659,HLA_660,2,0,0,0,0
660,HLA_661,1,1,0,0,0
661,HLA_662,1,0,1,0,0
662,HLA_663,1,0,1,0,0
663,HLA_664,2,0,0,0,0
664,HLA_665,2,0,0,0,0
665,HLA_666,1,0,1,0,0
666,HLA_667,2,0,0,0,0
667,HLA_668,2,0,0,0,0
668,HLA_669,2,0,0,0,0
669,HLA_670,0,1,1,0,0
670,HLA_671,1,1,0,0,0
671,HLA_672,1,0,1,0,0
672,HLA_673,2,0,0,0,0
673,HLA_674,1,0,1,0,0
674,HLA_675,2,0,0,0,0
675,HLA_676,2,0,0,0,0
676,HLA_677,1,0,1,0,0
677,HLA_678,2,0,0,0,0
678,HLA_679,1,1,0,0,0
679,HLA_680,1,0,1,0,0
680,HLA_681,2,0,0,0,0
681,HLA_682,2,0,0,0,0
682,HLA_683,1,0,1,0,0
683,HLA_684,1,0,1,0,0
684,HLA_685,2,0,0,0,0
685,HLA_686,1,1,0,0,0
686,HLA_687,0,2,0,0,0
687,HLA_688,2,0,0,0,0
688,HLA_689,2,0,0,0,0
689,HLA_690,2,0,0,0,0
690,HLA_691,2,0,0,0,0
691,HLA_692,0,2,0,0,0
692,HLA_693,1,0,1,0,0
693,HLA_694,1,1,0,0,0
694,HLA_695,1,1,0,0,0
695,HLA_696,2,0,0,0,0
696,HLA_697,2,0,0,0,0
697,HLA_698,1,0,1,0,0
698,HLA_699,2,0,0,0,0
699,HLA_700,2,0,0,0,0
700,HLA_701,1,1,0,0,0
701,HLA_702,1,1,0,0,0
702,HLA_703,1,0,1,0,0
703,HLA_704,1,0,1,0,0
704,HLA_705,2,0,0,0,0
705,HLA_706,2,0,0,0,0
706,HLA_707,2,0,0,0,0
707,HLA_708,2,0,0,0,0
708,HLA_709,2,0,0,0,0
709,HLA_710,0,2,0,0,0
710,HLA_711,2,0,0,0,0
711,HLA_712,2,0,0,0,0
712,HLA_713,1,1,0,0,0
713,HLA_714,0,2,0,0,0
714,HLA_715,2,0,0,0,0
715,HLA_716,2,0,0,0,0
716,HLA_717,1,0,1,0,0
717,HLA_718,2,0,0,0,0
718,HLA_719,2,0,0,0,0
719,HLA_720,2,0,0,0,0
720,HLA_721,2,0,0,0,0
721,HLA_722,2,0,0,0,0
722,HLA_723,2,0,0,0,0
723,HLA_724,2,0,0,0,0
724,HLA_725,2,0,0,0,0
725,HLA_726,2,0,0,0,0
726,HLA_727,1,0,1,0,0
727,HLA_728,2,0,0,0,0
728,HLA_729,1,0,1,0,0
729,HLA_730,2,0,0,0,0
730,HLA_731,1,1,0,0,0
731,HLA_732,1,1,0,0,0
732,HLA_733,0,2,0,0,0
733,HLA_734,2,0,0,0,0
734,HLA_735,1,0,1,0,0
735,HLA_736,2,0,0,0,0
736,HLA_737,2,0,0,0,0
737,HLA_738,2,0,0,0,0
738,HLA_739,2,0,0,0,0
739,HLA_740,1,0,1,0,0
740,HLA_741,2,0,0,0,0
741,HLA_742,1,0,1,0,0
742,HLA_743,2,0,0,0,0
743,HLA_744,1,1,0,0,0
744,HLA_745,2,0,0,0,0
745,HLA_746,2,0,0,0,0
746,HLA_747,1,1,0,0,0
747,HLA_748,1,0,1,0,0
748,HLA_749,2,0,0,0,0
749,HLA_750,2,0,0,0,0
750,HLA_751,2,0,0,0,0
751,HLA_752,2,0,0,0,0
752,HLA_753,1,0,1,0,0
753,HLA_754,0,2,0,0,0
754,HLA_755,0,0,2,0,0
755,HLA_756,1,1,0,0,0
756,HLA_757,2,0,0,0,0
757,HLA_758,2,0,0,0,0
758,HLA_759,0,2,0,0,0
759,HLA_760,1,0,1,0,0
760,HLA_761,2,0,0,0,0
761,HLA_762,1,1,0,0,0
762,HLA_763,1,0,1,0,0
763,HLA_764,2,0,0,0,0
764,HLA_765,1,0,0,1,0
765,HLA_766,2,0,0,0,0
766,HLA_767,2,0,0,0,0
767,HLA_768,1,1,0,0,0
768,HLA_769,2,0,0,0,0
769,HLA_770,2,0,0,0,0
770,HLA_771,1,0,1,0,0
771,HLA_772,2,0,0,0,0
772,HLA_773,0,2,0,0,0
773,HLA_774,2,0,0,0,0
774,HLA_775,2,0,0,0,0
775,HLA_776,1,0,0,0,1
776,HLA_777,0,1,1,0,0
777,HLA_778,2,0,0,0,0
778,HLA_779,1,0,1,0,0
779,HLA_780,2,0,0,0,0
780,HLA_781,1,1,0,0,0
781,HLA_782,1,1,0,0,0
782,HLA_783,0,2,0,0,0
783,HLA_784,2,0,0,0,0
784,HLA_785,1,0,1,0,0
785,HLA_786,2,0,0,0,0
786,HLA_787,0,0,2,0,0
787,HLA_788,2,0,0,0,0
788,HLA_789,2,0,0,0,0
789,HLA_790,1,0,1,0,0
790,HLA_791,2,0,0,0,0
791,HLA_792,1,0,1,0,0
792,HLA_793,1,1,0,0,0
793,HLA_794,1,0,1,0,0
794,HLA_795,0,2,0,0,0
795,HLA_796,2,0,0,0,0
796,HLA_797,2,0,0,0,0
797,HLA_798,1,0,1,0,0
798,HLA_799,2,0,0,0,0
799,HLA_800,2,0,0,0,0
800,HLA_801,2,0,0,0,0
801,HLA_802,2,0,0,0,0
802,HLA_803,2,0,0,0,0
803,HLA_804,2,0,0,0,0
804,HLA_805,0,1,1,0,0
805,HLA_806,2,0,0,0,0
806,HLA_807,1,0,1,0,0
807,HLA_808,2,0,0,0,0
808,HLA_809,2,0,0,0,0
809,HLA_810,1,1,0,0,0
810,HLA_811,0,2,0,0,0
811,HLA_812,2,0,0,0,0
812,HLA_813,2,0,0,0,0
813,HLA_814,2,0,0,0,0
814,HLA_815,1,0,1,0,0
815,HLA_816,2,0,0,0,0
816,HLA_817,1,0,1,0,0
817,HLA_818,1,0,1,0,0
818,HLA_819,2,0,0,0,0
819,HLA_820,2,0,0,0,0
820,HLA_821,1,0,1,0,0
821,HLA_822,2,0,0,0,0
822,HLA_823,2,0,0,0,0
823,HLA_824,1,0,1,0,0
824,HLA_825,2,0,0,0,0
825,HLA_826,1,1,0,0,0
826,HLA_827,1,1,0,0,0
827,HLA_828,1,0,1,0,0
828,HLA_829,2,0,0,0,0
829,HLA_830,1,0,1,0,0
830,HLA_831,2,0,0,0,0
831,HLA_832,1,1,0,0,0
832,HLA_833,1,0,1,0,0
833,HLA_834,1,0,1,0,0
834,HLA_835,0,2,0,0,0
835,HLA_836,1,1,0,0,0
836,HLA_837,1,1,0,0,0
837,HLA_838,2,0,0,0,0
838,HLA_839,2,0,0,0,0
839,HLA_840,2,0,0,0,0
840,HLA_841,1,0,1,0,0
841,HLA_842,2,0,0,0,0
842,HLA_843,0,0,1,0,1
843,HLA_844,1,1,0,0,0
844,HLA_845,2,0,0,0,0
845,HLA_846,1,1,0,0,0
846,HLA_847,2,0,0,0,0
847,HLA_848,1,0,1,0,0
848,HLA_849,2,0,0,0,0
849,HLA_850,2,0,0,0,0
850,HLA_851,2,0,0,0,0
851,HLA_852,2,0,0,0,0
852,HLA_853,2,0,0,0,0
853,HLA_854,2,0,0,0,0
854,HLA_855,2,0,0,0,0
855,HLA_856,2,0,0,0,0
856,HLA_857,1,0,1,0,0
857,HLA_858,2,0,0,0,0
858,HLA_859,2,0,0,0,0
859,HLA_860,2,0,0,0,0
860,HLA_861,2,0,0,0,0
861,HLA_862,1,1,0,0,0
862,HLA_863,1,0,1,0,0
863,HLA_864,2,0,0,0,0
864,HLA_865,2,0,0,0,0
865,HLA_866,1,1,0,0,0
866,HLA_867,2,0,0,0,0
867,HLA_868,1,0,1,0,0
868,HLA_869,2,0,0,0,0
869,HLA_870,2,0,0,0,0
870,HLA_871,1,1,0,0,0
871,HLA_872,2,0,0,0,0
872,HLA_873,1,0,1,0,0
873,HLA_874,0,2,0,0,0
874,HLA_875,2,0,0,0,0
875,HLA_876,1,0,1,0,0
876,HLA_877,2,0,0,0,0
877,HLA_878,1,0,1,0,0
878,HLA_879,2,0,0,0,0
879,HLA_880,0,2,0,0,0
880,HLA_881,2,0,0,0,0
881,HLA_882,2,0,0,0,0
882,HLA_883,0,0,2,0,0
883,HLA_884,2,0,0,0,0
884,HLA_885,0,0,2,0,0
885,HLA_886,2,0,0,0,0
886,HLA_887,1,1,0,0,0
887,HLA_888,0,2,0,0,0
888,HLA_889,1,0,1,0,0
889,HLA_890,1,0,0,0,1
890,HLA_891,2,0,0,0,0
891,HLA_892,2,0,0,0,0
892,HLA_893,2,0,0,0,0
893,HLA_894,1,1,0,0,0
894,HLA_895,2,0,0,0,0
895,HLA_896,2,0,0,0,0
896,HLA_897,2,0,0,0,0
897,HLA_898,1,0,1,0,0
898,HLA_899,2,0,0,0,0
899,HLA_900,2,0,0,0,0
900,HLA_901,2,0,0,0,0
901,HLA_902,2,0,0,0,0
902,HLA_903,1,0,1,0,0
903,HLA_904,2,0,0,0,0
904,HLA_905,0,2,0,0,0
905,HLA_906,0,2,0,0,0
906,HLA_907,2,0,0,0,0
907,HLA_908,1,0,1,0,0
908,HLA_909,1,1,0,0,0
909,HLA_910,2,0,0,0,0
910,HLA_911,0,2,0,0,0
911,HLA_912,2,0,0,0,0
912,HLA_913,0,0,2,0,0
913,HLA_914,2,0,0,0,0
914,HLA_915,1,0,1,0,0
915,HLA_916,2,0,0,0,0
916,HLA_917,1,0,1,0,0
917,HLA_918,2,0,0,0,0
918,HLA_919,2,0,0,0,0
919,HLA_920,2,0,0,0,0
920,HLA_921,0,1,1,0,0
921,HLA_922,2,0,0,0,0
922,HLA_923,2,0,0,0,0
923,HLA_924,1,0,1,0,0
924,HLA_925,0,2,0,0,0
925,HLA_926,2,0,0,0,0
926,HLA_927,2,0,0,0,0
927,HLA_928,2,0,0,0,0
928,HLA_929,1,1,0,0,0
929,HLA_930,1,0,1,0,0
930,HLA_931,2,0,0,0,0
931,HLA_932,2,0,0,0,0
932,HLA_933,0,1,1,0,0
933,HLA_934,2,0,0,0,0
934,HLA_935,1,0,1,0,0
935,HLA_936,2,0,0,0,0
936,HLA_937,1,0,1,0,0
937,HLA_938,2,0,0,0,0
938,HLA_939,2,0,0,0,0
939,HLA_940,2,0,0,0,0
940,HLA_941,0,1,1,0,0
941,HLA_942,1,0,1,0,0
942,HLA_943,2,0,0,0,0
943,HLA_944,2,0,0,0,0
944,HLA_945,1,0,1,0,0
945,HLA_946,2,0,0,0,0
946,HLA_947,0,1,0,0,1
947,HLA_948,2,0,0,0,0
948,HLA_949,2,0,0,0,0
949,HLA_950,2,0,0,0,0
950,HLA_951,2,0,0,0,0
951,HLA_952,2,0,0,0,0
952,HLA_953,1,0,1,0,0
953,HLA_954,2,0,0,0,0
954,HLA_955,0,2,0,0,0
955,HLA_956,1,0,1,0,0
956,HLA_957,0,2,0,0,0
957,HLA_958,2,0,0,0,0
958,HLA_959,1,1,0,0,0
959,HLA_960,2,0,0,0,0
960,HLA_961,1,0,1,0,0
961,HLA_962,2,0,0,0,0
962,HLA_963,1,1,0,0,0
963,HLA_964,1,0,1,0,0
964,HLA_965,2,0,0,0,0
965,HLA_966,2,0,0,0,0
966,HLA_967,1,0,1,0,0
967,HLA_968,2,0,0,0,0
968,HLA_969,2,0,0,0,0
969,HLA_970,1,0,1,0,0
970,HLA_971,1,1,0,0,0
971,HLA_972,1,1,0,0,0
972,HLA_973,2,0,0,0,0
973,HLA_974,1,0,1,0,0
974,HLA_975,1,0,1,0,0
975,HLA_976,1,1,0,0,0
976,HLA_977,0,1,1,0,0
977,HLA_978,1,1,0,0,0
978,HLA_979,2,0,0,0,0
979,HLA_980,1,0,1,0,0
980,HLA_981,1,0,0,0,1
981,HLA_982,1,0,0,1,0
982,HLA_983,2,0,0,0,0
983,HLA_984,2,0,0,0,0
984,HLA_985,2,0,0,0,0
985,HLA_986,2,0,0,0,0
986,HLA_987,2,0,0,0,0
987,HLA_988,1,1,0,0,0
988,HLA_989,2,0,0,0,0
989,HLA_990,1,0,0,1,0
990,HLA_991,2,0,0,0,0
991,HLA_992,1,0,1,0,0
992,HLA_993,1,0,1,0,0
993,HLA_994,2,0,0,0,0
994,HLA_995,1,0,1,0,0
995,HLA_996,1,0,1,0,0
996,HLA_997,0,0,2,0,0
997,HLA_998,1,0,1,0,0
998,HLA_999,1,0,1,0,0
999,HLA_1000,2,0,0,0,0
1000,HLA_1001,2,0,0,0,0
1001,HLA_1002,2,0,0,0,0
1002,HLA_1003,1,0,1,0,0
1003,HLA_1004,2,0,0,0,0
1004,HLA_1005,1,1,0,0,0
1005,HLA_1006,0,2,0,0,0
1006,HLA_1007,1,0,1,0,0
1007,HLA_1008,2,0,0,0,0
1008,HLA_1009,1,0,1,0,0
1009,HLA_1010,2,0,0,0,0
1010,HLA_1011,2,0,0,0,0
1011,HLA_1012,2,0,0,0,0
1012,HLA_1013,0,0,2,0,0
1013,HLA_1014,2,0,0,0,0
1014,HLA_1015,1,0,1,0,0
1015,HLA_1016,0,0,2,0,0
1016,HLA_1017,2,0,0,0,0
1017,HLA_1018,2,0,0,0,0
1018,HLA_1019,2,0,0,0,0
1019,HLA_1020,2,0,0,0,0
1020,HLA_1021,2,0,0,0,0
1021,HLA_1022,1,0,1,0,0
1022,HLA_1023,2,0,0,0,0
1023,HLA_1024,2,0,0,0,0
1024,HLA_1025,2,0,0,0,0
1025,HLA_1026,1,1,0,0,0
1026,HLA_1027,2,0,0,0,0
1027,HLA_1028,2,0,0,0,0
1028,HLA_1029,2,0,0,0,0
1029,HLA_1030,2,0,0,0,0
1030,HLA_1031,0,2,0,0,0
1031,HLA_1032,2,0,0,0,0
1032,HLA_1033,1,0,1,0,0
1033,HLA_1034,2,0,0,0,0
1034,HLA_1035,0,2,0,0,0
1035,HLA_1036,2,0,0,0,0
1036,HLA_1037,2,0,0,0,0
1037,HLA_1038,2,0,0,0,0
1038,HLA_1039,2,0,0,0,0
1039,HLA_1040,1,0,1,0,0
1040,HLA_1041,2,0,0,0,0
1041,HLA_1042,2,0,0,0,0
1042,HLA_1043,2,0,0,0,0
1043,HLA_1044,1,0,1,0,0
1044,HLA_1045,1,0,1,0,0
1045,HLA_1046,2,0,0,0,0
1046,HLA_1047,2,0,0,0,0
1047,HLA_1048,1,0,1,0,0
1048,HLA_1049,1,0,1,0,0
1049,HLA_1050,2,0,0,0,0
1050,HLA_1051,2,0,0,0,0
1051,HLA_1052,2,0,0,0,0
1052,HLA_1053,2,0,0,0,0
1053,HLA_1054,1,0,1,0,0
1054,HLA_1055,2,0,0,0,0
1055,HLA_1056,2,0,0,0,0
1056,HLA_1057,2,0,0,0,0
1057,HLA_1058,1,0,1,0,0
1058,HLA_1059,1,1,0,0,0
1059,HLA_1060,0,2,0,0,0
1060,HLA_1061,2,0,0,0,0
1061,HLA_1062,0,2,0,0,0
1062,HLA_1063,2,0,0,0,0
1063,HLA_1064,0,0,2,0,0
1064,HLA_1065,1,0,1,0,0
1065,HLA_1066,1,0,1,0,0
1066,HLA_1067,2,0,0,0,0
1067,HLA_1068,1,0,1,0,0
1068,HLA_1069,2,0,0,0,0
1069,HLA_1070,0,1,1,0,0
1070,HLA_1071,1,1,0,0,0
1071,HLA_1072,2,0,0,0,0
1072,HLA_1073,1,0,1,0,0
1073,HLA_1074,2,0,0,0,0
1074,HLA_1075,1,0,1,0,0
1075,HLA_1076,1,0,1,0,0
1076,HLA_1077,0,1,1,0,0
1077,HLA_1078,0,0,2,0,0
1078,HLA_1079,2,0,0,0,0
1079,HLA_1080,1,0,1,0,0
1080,HLA_1081,2,0,0,0,0
1081,HLA_1082,0,0,1,1,0
1082,HLA_1083,1,0,1,0,0
1083,HLA_1084,1,0,0,0,1
1084,HLA_1085,1,0,1,0,0
1085,HLA_1086,1,1,0,0,0
1086,HLA_1087,0,2,0,0,0
1087,HLA_1088,2,0,0,0,0
1088,HLA_1089,2,0,0,0,0
1089,HLA_1090,1,1,0,0,0
1090,HLA_1091,2,0,0,0,0
1091,HLA_1092,1,0,1,0,0
1092,HLA_1093,2,0,0,0,0
1093,HLA_1094,2,0,0,0,0
1094,HLA_1095,1,1,0,0,0
1095,HLA_1096,2,0,0,0,0
1096,HLA_1097,2,0,0,0,0
1097,HLA_1098,0,0,2,0,0
1098,HLA_1099,1,0,1,0,0
1099,HLA_1100,0,1,1,0,0
1100,HLA_1101,2,0,0,0,0
1101,HLA_1102,0,0,2,0,0
1102,HLA_1103,2,0,0,0,0
1103,HLA_1104,2,0,0,0,0
1104,HLA_1105,1,0,1,0,0
1105,HLA_1106,1,0,1,0,0
1106,HLA_1107,1,1,0,0,0
1107,HLA_1108,1,0,0,0,1
1108,HLA_1109,2,0,0,0,0
1109,HLA_1110,1,0,0,0,1
1110,HLA_1111,1,0,0,0,1
1111,HLA_1112,1,0,1,0,0
1112,HLA_1113,2,0,0,0,0
1113,HLA_1114,1,1,0,0,0
1114,HLA_1115,2,0,0,0,0
1115,HLA_1116,2,0,0,0,0
1116,HLA_1117,2,0,0,0,0
1117,HLA_1118,2,0,0,0,0
1118,HLA_1119,2,0,0,0,0
1119,HLA_1120,0,1,1,0,0
1120,HLA_1121,2,0,0,0,0
1121,HLA_1122,2,0,0,0,0
1122,HLA_1123,2,0,0,0,0
1123,HLA_1124,1,1,0,0,0
1124,HLA_1125,2,0,0,0,0
1125,HLA_1126,2,0,0,0,0
1126,HLA_1127,0,0,2,0,0
1127,HLA_1128,2,0,0,0,0
1128,HLA_1129,2,0,0,0,0
1129,HLA_1130,1,0,1,0,0
1130,HLA_1131,0,2,0,0,0
1131,HLA_1132,2,0,0,0,0
1132,HLA_1133,0,1,1,0,0
1133,HLA_1134,0,2,0,0,0
1134,HLA_1135,2,0,0,0,0
1135,HLA_1136,1,1,0,0,0
1136,HLA_1137,1,0,0,0,1
1137,HLA_1138,2,0,0,0,0
1138,HLA_1139,2,0,0,0,0
1139,HLA_1140,2,0,0,0,0
1140,HLA_1141,2,0,0,0,0
1141,HLA_1142,2,0,0,0,0
1142,HLA_1143,1,1,0,0,0
1143,HLA_1144,1,0,1,0,0
1144,HLA_1145,2,0,0,0,0
1145,HLA_1146,1,0,1,0,0
1146,HLA_1147,1,0,1,0,0
1147,HLA_1148,0,0,2,0,0
1148,HLA_1149,1,0,1,0,0
1149,HLA_1150,2,0,0,0,0
1150,HLA_1151,2,0,0,0,0
1151,HLA_1152,2,0,0,0,0
1152,HLA_1153,1,1,0,0,0
1153,HLA_1154,1,0,1,0,0
1154,HLA_1155,2,0,0,0,0
1155,HLA_1156,0,2,0,0,0
1156,HLA_1157,1,0,0,0,1
1157,HLA_1158,2,0,0,0,0
1158,HLA_1159,1,1,0,0,0
1159,HLA_1160,2,0,0,0,0
1160,HLA_1161,2,0,0,0,0
1161,HLA_1162,2,0,0,0,0
1162,HLA_1163,2,0,0,0,0
1163,HLA_1164,2,0,0,0,0
1164,HLA_1165,0,1,1,0,0
1165,HLA_1166,1,0,1,0,0
1166,HLA_1167,1,0,1,0,0
1167,HLA_1168,1,0,1,0,0
1168,HLA_1169,1,1,0,0,0
1169,HLA_1170,1,0,1,0,0
1170,HLA_1171,1,1,0,0,0
1171,HLA_1172,2,0,0,0,0
1172,HLA_1173,2,0,0,0,0
1173,HLA_1174,2,0,0,0,0
1174,HLA_1175,2,0,0,0,0
1175,HLA_1176,1,0,1,0,0
1176,HLA_1177,2,0,0,0,0
1177,HLA_1178,2,0,0,0,0
1178,HLA_1179,1,0,1,0,0
1179,HLA_1180,2,0,0,0,0
1180,HLA_1181,1,0,1,0,0
1181,HLA_1182,2,0,0,0,0
1182,HLA_1183,2,0,0,0,0
1183,HLA_1184,2,0,0,0,0
1184,HLA_1185,2,0,0,0,0
1185,HLA_1186,1,0,1,0,0
1186,HLA_1187,1,1,0,0,0
1187,HLA_1188,0,1,1,0,0
1188,HLA_1189,2,0,0,0,0
1189,HLA_1190,1,0,1,0,0
1190,HLA_1191,2,0,0,0,0
1191,HLA_1192,2,0,0,0,0
1192,HLA_1193,2,0,0,0,0
1193,HLA_1194,2,0,0,0,0
1194,HLA_1195,2,0,0,0,0
1195,HLA_1196,1,0,1,0,0
1196,HLA_1197,1,0,1,0,0
1197,HLA_1198,2,0,0,0,0
1198,HLA_1199,0,1,1,0,0
1199,HLA_1200,1,1,0,0,0
1200,HLA_1201,2,0,0,0,0
1201,HLA_1202,2,0,0,0,0
1202,HLA_1203,1,0,1,0,0
1203,HLA_1204,0,0,2,0,0
1204,HLA_1205,1,0,1,0,0
1205,HLA_1206,2,0,0,0,0
1206,HLA_1207,1,0,1,0,0
1207,HLA_1208,2,0,0,0,0
1208,HLA_1209,2,0,0,0,0
1209,HLA_1210,1,0,1,0,0
1210,HLA_1211,2,0,0,0,0
1211,HLA_1212,1,0,1,0,0
1212,HLA_1213,2,0,0,0,0
1213,HLA_1214,2,0,0,0,0
1214,HLA_1215,2,0,0,0,0
1215,HLA_1216,2,0,0,0,0
1216,HLA_1217,1,0,1,0,0
1217,HLA_1218,2,0,0,0,0
1218,HLA_1219,2,0,0,0,0
1219,HLA_1220,1,0,1,0,0
1220,HLA_1221,1,1,0,0,0
1221,HLA_1222,0,1,1,0,0
1222,HLA_1223,2,0,0,0,0
1223,HLA_1224,2,0,0,0,0
1224,HLA_1225,1,0,1,0,0
1225,HLA_1226,2,0,0,0,0
1226,HLA_1227,1,0,1,0,0
1227,HLA_1228,0,2,0,0,0
1228,HLA_1229,2,0,0,0,0
1229,HLA_1230,1,0,1,0,0
1230,HLA_1231,0,2,0,0,0
1231,HLA_1232,2,0,0,0,0
1232,HLA_1233,2,0,0,0,0
1233,HLA_1234,2,0,0,0,0
1234,HLA_1235,2,0,0,0,0
1235,HLA_1236,2,0,0,0,0
1236,HLA_1237,2,0,0,0,0
1237,HLA_1238,2,0,0,0,0
1238,HLA_1239,1,0,1,0,0
1239,HLA_1240,1,0,1,0,0
1240,HLA_1241,2,0,0,0,0
1241,HLA_1242,1,0,1,0,0
1242,HLA_1243,2,0,0,0,0
1243,HLA_1244,2,0,0,0,0
1244,HLA_1245,2,0,0,0,0
1245,HLA_1246,1,0,1,0,0
1246,HLA_1247,2,0,0,0,0
1247,HLA_1248,2,0,0,0,0
1248,HLA_1249,0,0,2,0,0
1249,HLA_1250,2,0,0,0,0
1250,HLA_1251,2,0,0,0,0
1251,HLA_1252,1,0,1,0,0
1252,HLA_1253,2,0,0,0,0
1253,HLA_1254,2,0,0,0,0
1254,HLA_1255,2,0,0,0,0
1255,HLA_1256,1,0,1,0,0
1256,HLA_1257,2,0,0,0,0
1257,HLA_1258,2,0,0,0,0
1258,HLA_1259,2,0,0,0,0
1259,HLA_1260,1,1,0,0,0
1260,HLA_1261,2,0,0,0,0
1261,HLA_1262,2,0,0,0,0
1262,HLA_1263,2,0,0,0,0
1263,HLA_1264,2,0,0,0,0
1264,HLA_1265,1,0,1,0,0
1265,HLA_1266,2,0,0,0,0
1266,HLA_1267,2,0,0,0,0
1267,HLA_1268,2,0,0,0,0
1268,HLA_1269,2,0,0,0,0
1269,HLA_1270,1,0,1,0,0
1270,HLA_1271,2,0,0,0,0
1271,HLA_1272,2,0,0,0,0
1272,HLA_1273,2,0,0,0,0
1273,HLA_1274,2,0,0,0,0
1274,HLA_1275,1,1,0,0,0
1275,HLA_1276,1,0,1,0,0
1276,HLA_1277,2,0,0,0,0
1277,HLA_1278,1,1,0,0,0
1278,HLA_1279,2,0,0,0,0
1279,HLA_1280,2,0,0,0,0
1280,HLA_1281,2,0,0,0,0
1281,HLA_1282,2,0,0,0,0
1282,HLA_1283,1,1,0,0,0
1283,HLA_1284,2,0,0,0,0
1284,HLA_1285,2,0,0,0,0
1285,HLA_1286,0,1,1,0,0
1286,HLA_1287,1,0,1,0,0
1287,HLA_1288,0,2,0,0,0
1288,HLA_1289,2,0,0,0,0
1289,HLA_1290,0,1,1,0,0
1290,HLA_1291,2,0,0,0,0
1291,HLA_1292,2,0,0,0,0
1292,HLA_1293,1,0,1,0,0
1293,HLA_1294,0,0,2,0,0
1294,HLA_1295,2,0,0,0,0
1295,HLA_1296,2,0,0,0,0
1296,HLA_1297,2,0,0,0,0
1297,HLA_1298,2,0,0,0,0
1298,HLA_1299,2,0,0,0,0
1299,HLA_1300,2,0,0,0,0
1300,HLA_1301,2,0,0,0,0
1301,HLA_1302,2,0,0,0,0
1302,HLA_1303,2,0,0,0,0
1303,HLA_1304,2,0,0,0,0
1304,HLA_1305,0,2,0,0,0
1305,HLA_1306,1,0,1,0,0
1306,HLA_1307,2,0,0,0,0
1307,HLA_1308,2,0,0,0,0
1308,HLA_1309,2,0,0,0,0
1309,HLA_1310,1,1,0,0,0
1310,HLA_1311,0,2,0,0,0
1311,HLA_1312,0,1,1,0,0
1312,HLA_1313,1,0,0,0,1
1313,HLA_1314,1,1,0,0,0
1314,HLA_1315,2,0,0,0,0
1315,HLA_1316,0,2,0,0,0
1316,HLA_1317,1,0,1,0,0
1317,HLA_1318,2,0,0,0,0
1318,HLA_1319,0,1,1,0,0
1319,HLA_1320,1,1,0,0,0
1320,HLA_1321,1,0,1,0,0
1321,HLA_1322,1,0,1,0,0
1322,HLA_1323,1,1,0,0,0
1323,HLA_1324,0,0,2,0,0
1324,HLA_1325,2,0,0,0,0
1325,HLA_1326,2,0,0,0,0
1326,HLA_1327,0,1,1,0,0
1327,HLA_1328,2,0,0,0,0
1328,HLA_1329,1,0,1,0,0
1329,HLA_1330,1,0,1,0,0
1330,HLA_1331,1,0,1,0,0
1331,HLA_1332,1,0,0,0,1
1332,HLA_1333,2,0,0,0,0
1333,HLA_1334,1,0,1,0,0
1334,HLA_1335,0,1,1,0,0
1335,HLA_1336,2,0,0,0,0
1336,HLA_1337,1,0,1,0,0
1337,HLA_1338,1,0,1,0,0
1338,HLA_1339,1,1,0,0,0
1339,HLA_1340,2,0,0,0,0
1340,HLA_1341,1,0,1,0,0
1341,HLA_1342,2,0,0,0,0
1342,HLA_1343,2,0,0,0,0
1343,HLA_1344,1,1,0,0,0
1344,HLA_1345,2,0,0,0,0
1345,HLA_1346,2,0,0,0,0
1346,HLA_1347,2,0,0,0,0
1347,HLA_1348,1,0,1,0,0
1348,HLA_1349,2,0,0,0,0
1349,HLA_1350,2,0,0,0,0
1350,HLA_1351,2,0,0,0,0
1351,HLA_1352,2,0,0,0,0
1352,HLA_1353,1,0,1,0,0
1353,HLA_1354,2,0,0,0,0
1354,HLA_1355,2,0,0,0,0
1355,HLA_1356,2,0,0,0,0
1356,HLA_1357,2,0,0,0,0
1357,HLA_1358,0,0,2,0,0
1358,HLA_1359,2,0,0,0,0
1359,HLA_1360,2,0,0,0,0
1360,HLA_1361,2,0,0,0,0
1361,HLA_1362,2,0,0,0,0
1362,HLA_1363,0,2,0,0,0
1363,HLA_1364,2,0,0,0,0
1364,HLA_1365,2,0,0,0,0
1365,HLA_1366,1,1,0,0,0
1366,HLA_1367,1,0,1,0,0
1367,HLA_1368,2,0,0,0,0
1368,HLA_1369,1,1,0,0,0
1369,HLA_1370,2,0,0,0,0
1370,HLA_1371,2,0,0,0,0
1371,HLA_1372,2,0,0,0,0
1372,HLA_1373,2,0,0,0,0
1373,HLA_1374,1,0,1,0,0
1374,HLA_1375,0,2,0,0,0
1375,HLA_1376,2,0,0,0,0
1376,HLA_1377,2,0,0,0,0
1377,HLA_1378,1,0,1,0,0
1378,HLA_1379,1,0,1,0,0
1379,HLA_1380,2,0,0,0,0
1380,HLA_1381,1,0,1,0,0
1381,HLA_1382,1,0,1,0,0
1382,HLA_1383,1,0,1,0,0
1383,HLA_1384,1,0,1,0,0
1384,HLA_1385,2,0,0,0,0
1385,HLA_1386,2,0,0,0,0
1386,HLA_1387,2,0,0,0,0
1387,HLA_1388,1,1,0,0,0
1388,HLA_1389,2,0,0,0,0
1389,HLA_1390,2,0,0,0,0
1390,HLA_1391,2,0,0,0,0
1391,HLA_1392,2,0,0,0,0
1392,HLA_1393,1,1,0,0,0
1393,HLA_1394,2,0,0,0,0
1394,HLA_1395,2,0,0,0,0
1395,HLA_1396,1,1,0,0,0
1396,HLA_1397,2,0,0,0,0
1397,HLA_1398,2,0,0,0,0
1398,HLA_1399,2,0,0,0,0
1399,HLA_1400,1,1,0,0,0
1400,HLA_1401,1,0,1,0,0
1401,HLA_1402,1,0,1,0,0
1402,HLA_1403,0,2,0,0,0
1403,HLA_1404,2,0,0,0,0
1404,HLA_1405,1,1,0,0,0
1405,HLA_1406,2,0,0,0,0
1406,HLA_1407,0,1,1,0,0
1407,HLA_1408,1,0,1,0,0
1408,HLA_1409,1,0,1,0,0
1409,HLA_1410,2,0,0,0,0
1410,HLA_1411,0,0,2,0,0
1411,HLA_1412,2,0,0,0,0
1412,HLA_1413,1,1,0,0,0
1413,HLA_1414,2,0,0,0,0
1414,HLA_1415,1,0,1,0,0
1415,HLA_1416,1,0,1,0,0
1416,HLA_1417,0,2,0,0,0
1417,HLA_1418,0,0,2,0,0
1418,HLA_1419,1,0,1,0,0
1419,HLA_1420,1,0,0,0,1
1420,HLA_1421,0,1,1,0,0
1421,HLA_1422,2,0,0,0,0
1422,HLA_1423,2,0,0,0,0
1423,HLA_1424,2,0,0,0,0
1424,HLA_1425,1,0,1,0,0
1425,HLA_1426,2,0,0,0,0
1426,HLA_1427,2,0,0,0,0
1427,HLA_1428,2,0,0,0,0
1428,HLA_1429,0,1,1,0,0
1429,HLA_1430,2,0,0,0,0
1430,HLA_1431,2,0,0,0,0
1431,HLA_1432,0,2,0,0,0
1432,HLA_1433,1,0,1,0,0
1433,HLA_1434,2,0,0,0,0
1434,HLA_1435,1,0,1,0,0
1435,HLA_1436,1,1,0,0,0
1436,HLA_1437,2,0,0,0,0
1437,HLA_1438,2,0,0,0,0
1438,HLA_1439,1,0,1,0,0
1439,HLA_1440,2,0,0,0,0
1440,HLA_1441,0,1,0,0,1
1441,HLA_1442,1,0,1,0,0
1442,HLA_1443,1,0,1,0,0
1443,HLA_1444,1,1,0,0,0
1444,HLA_1445,2,0,0,0,0
1445,HLA_1446,2,0,0,0,0
1446,HLA_1447,1,0,1,0,0
1447,HLA_1448,0,2,0,0,0
1448,HLA_1449,2,0,0,0,0
1449,HLA_1450,0,0,2,0,0
1450,HLA_1451,0,2,0,0,0
1451,HLA_1452,2,0,0,0,0
1452,HLA_1453,2,0,0,0,0
1453,HLA_1454,2,0,0,0,0
1454,HLA_1455,0,1,0,0,1
1455,HLA_1456,1,0,1,0,0
1456,HLA_1457,1,0,1,0,0
1457,HLA_1458,1,1,0,0,0
1458,HLA_1459,2,0,0,0,0
1459,HLA_1460,2,0,0,0,0
1460,HLA_1461,1,1,0,0,0
1461,HLA_1462,2,0,0,0,0
1462,HLA_1463,2,0,0,0,0
1463,HLA_1464,2,0,0,0,0
1464,HLA_1465,2,0,0,0,0
1465,HLA_1466,0,2,0,0,0
1466,HLA_1467,1,0,1,0,0
1467,HLA_1468,2,0,0,0,0
1468,HLA_1469,1,0,1,0,0
1469,HLA_1470,2,0,0,0,0
1470,HLA_1471,2,0,0,0,0
1471,HLA_1472,2,0,0,0,0
1472,HLA_1473,1,0,1,0,0
1473,HLA_1474,0,1,0,0,1
1474,HLA_1475,1,1,0,0,0
1475,HLA_1476,2,0,0,0,0
1476,HLA_1477,2,0,0,0,0
1477,HLA_1478,2,0,0,0,0
1478,HLA_1479,2,0,0,0,0
1479,HLA_1480,1,0,1,0,0
1480,HLA_1481,2,0,0,0,0
1481,HLA_1482,2,0,0,0,0
1482,HLA_1483,2,0,0,0,0
1483,HLA_1484,1,0,1,0,0
1484,HLA_1485,0,2,0,0,0
1485,HLA_1486,1,1,0,0,0
1486,HLA_1487,2,0,0,0,0
1487,HLA_1488,2,0,0,0,0
1488,HLA_1489,2,0,0,0,0
1489,HLA_1490,2,0,0,0,0
1490,HLA_1491,1,0,1,0,0
1491,HLA_1492,2,0,0,0,0
1492,HLA_1493,1,0,1,0,0
1493,HLA_1494,2,0,0,0,0
1494,HLA_1495,1,1,0,0,0
1495,HLA_1496,2,0,0,0,0
1496,HLA_1497,1,0,1,0,0
1497,HLA_1498,1,1,0,0,0
1498,HLA_1499,1,0,1,0,0
1499,HLA_1500,2,0,0,0,0
1500,HLA_1501,2,0,0,0,0
1501,HLA_1502,1,0,1,0,0
1502,HLA_1503,2,0,0,0,0
1503,HLA_1504,1,1,0,0,0
1504,HLA_1505,1,0,1,0,0
1505,HLA_1506,0,0,2,0,0
1506,HLA_1507,1,0,1,0,0
1507,HLA_1508,1,0,1,0,0
1508,HLA_1509,2,0,0,0,0
1509,HLA_1510,2,0,0,0,0
1510,HLA_1511,2,0,0,0,0
1511,HLA_1512,2,0,0,0,0
1512,HLA_1513,0,0,2,0,0
1513,HLA_1514,1,0,1,0,0
1514,HLA_1515,0,2,0,0,0
1515,HLA_1516,1,0,1,0,0
1516,HLA_1517,1,0,1,0,0
1517,HLA_1518,2,0,0,0,0
1518,HLA_1519,2,0,0,0,0
1519,HLA_1520,2,0,0,0,0
1520,HLA_1521,0,1,1,0,0
1521,HLA_1522,2,0,0,0,0
1522,HLA_1523,2,0,0,0,0
1523,HLA_1524,0,1,1,0,0
1524,HLA_1525,0,2,0,0,0
1525,HLA_1526,0,2,0,0,0
1526,HLA_1527,1,1,0,0,0
1527,HLA_1528,1,1,0,0,0
1528,HLA_1529,2,0,0,0,0
1529,HLA_1530,0,0,1,0,1
1530,HLA_1531,1,1,0,0,0
1531,HLA_1532,0,0,2,0,0
1532,HLA_1533,2,0,0,0,0
1533,HLA_1534,2,0,0,0,0
1534,HLA_1535,0,2,0,0,0
1535,HLA_1536,2,0,0,0,0
1536,HLA_1537,2,0,0,0,0
1537,HLA_1538,1,0,1,0,0
1538,HLA_1539,2,0,0,0,0
1539,HLA_1540,2,0,0,0,0
1540,HLA_1541,1,0,1,0,0
1541,HLA_1542,1,1,0,0,0
1542,HLA_1543,2,0,0,0,0
1543,HLA_1544,2,0,0,0,0
1544,HLA_1545,0,0,2,0,0
1545,HLA_1546,0,0,2,0,0
1546,HLA_1547,2,0,0,0,0
1547,HLA_1548,0,1,1,0,0
1548,HLA_1549,2,0,0,0,0
1549,HLA_1550,2,0,0,0,0
1550,HLA_1551,0,2,0,0,0
1551,HLA_1552,2,0,0,0,0
1552,HLA_1553,2,0,0,0,0
1553,HLA_1554,1,0,1,0,0
1554,HLA_1555,2,0,0,0,0
1555,HLA_1556,0,0,2,0,0
1556,HLA_1557,2,0,0,0,0
1557,HLA_1558,2,0,0,0,0
1558,HLA_1559,2,0,0,0,0
1559,HLA_1560,1,0,1,0,0
1560,HLA_1561,2,0,0,0,0
1561,HLA_1562,2,0,0,0,0
1562,HLA_1563,2,0,0,0,0
1563,HLA_1564,1,0,1,0,0
1564,HLA_1565,2,0,0,0,0
1565,HLA_1566,1,0,1,0,0
1566,HLA_1567,1,0,1,0,0
1567,HLA_1568,0,1,1,0,0
1568,HLA_1569,2,0,0,0,0
1569,HLA_1570,1,1,0,0,0
1570,HLA_1571,1,0,1,0,0
1571,HLA_1572,1,0,1,0,0
1572,HLA_1573,2,0,0,0,0
1573,HLA_1574,0,2,0,0,0
1574,HLA_1575,0,0,2,0,0
1575,HLA_1576,2,0,0,0,0
1576,HLA_1577,1,0,1,0,0
1577,HLA_1578,2,0,0,0,0
1578,HLA_1579,1,0,1,0,0
1579,HLA_1580,1,1,0,0,0
1580,HLA_1581,2,0,0,0,0
1581,HLA_1582,2,0,0,0,0
1582,HLA_1583,1,0,1,0,0
1583,HLA_1584,2,0,0,0,0
1584,HLA_1585,0,1,1,0,0
1585,HLA_1586,2,0,0,0,0
1586,HLA_1587,1,0,1,0,0
1587,HLA_1588,1,0,1,0,0
1588,HLA_1589,2,0,0,0,0
1589,HLA_1590,2,0,0,0,0
1590,HLA_1591,1,0,1,0,0
1591,HLA_1592,0,2,0,0,0
1592,HLA_1593,2,0,0,0,0
1593,HLA_1594,2,0,0,0,0
1594,HLA_1595,2,0,0,0,0
1595,HLA_1596,2,0,0,0,0
1596,HLA_1597,1,1,0,0,0
1597,HLA_1598,1,1,0,0,0
1598,HLA_1599,1,0,1,0,0
1599,HLA_1600,1,0,1,0,0
1600,HLA_1601,1,0,0,0,1
1601,HLA_1602,1,0,1,0,0
1602,HLA_1603,2,0,0,0,0
1603,HLA_1604,0,0,2,0,0
1604,HLA_1605,2,0,0,0,0
1605,HLA_1606,1,1,0,0,0
1606,HLA_1607,0,2,0,0,0
1607,HLA_1608,1,1,0,0,0
1608,HLA_1609,1,0,1,0,0
1609,HLA_1610,1,0,1,0,0
1610,HLA_1611,2,0,0,0,0
1611,HLA_1612,2,0,0,0,0
1612,HLA_1613,0,1,1,0,0
1613,HLA_1614,1,1,0,0,0
1614,HLA_1615,2,0,0,0,0
1615,HLA_1616,1,0,1,0,0
1616,HLA_1617,1,0,1,0,0
1617,HLA_1618,1,0,1,0,0
1618,HLA_1619,1,1,0,0,0
1619,HLA_1620,2,0,0,0,0
1620,HLA_1621,1,1,0,0,0
1621,HLA_1622,1,0,1,0,0
1622,HLA_1623,2,0,0,0,0
1623,HLA_1624,2,0,0,0,0
1624,HLA_1625,2,0,0,0,0
1625,HLA_1626,2,0,0,0,0
1626,HLA_1627,2,0,0,0,0
1627,HLA_1628,1,0,1,0,0
1628,HLA_1629,2,0,0,0,0
1629,HLA_1630,2,0,0,0,0
1630,HLA_1631,1,1,0,0,0
1631,HLA_1632,2,0,0,0,0
1632,HLA_1633,2,0,0,0,0
1633,HLA_1634,2,0,0,0,0
1634,HLA_1635,2,0,0,0,0
1635,HLA_1636,1,0,0,0,1
1636,HLA_1637,2,0,0,0,0
1637,HLA_1638,1,0,1,0,0
1638,HLA_1639,2,0,0,0,0
1639,HLA_1640,2,0,0,0,0
1640,HLA_1641,2,0,0,0,0
1641,HLA_1642,0,1,1,0,0
1642,HLA_1643,0,2,0,0,0
1643,HLA_1644,0,2,0,0,0
1644,HLA_1645,1,1,0,0,0
1645,HLA_1646,2,0,0,0,0
1646,HLA_1647,1,0,1,0,0
1647,HLA_1648,2,0,0,0,0
1648,HLA_1649,2,0,0,0,0
1649,HLA_1650,1,1,0,0,0
1650,HLA_1651,1,0,0,0,1
1651,HLA_1652,2,0,0,0,0
1652,HLA_1653,2,0,0,0,0
1653,HLA_1654,0,2,0,0,0
1654,HLA_1655,2,0,0,0,0
1655,HLA_1656,1,0,1,0,0
1656,HLA_1657,2,0,0,0,0
1657,HLA_1658,2,0,0,0,0
1658,HLA_1659,2,0,0,0,0
1659,HLA_1660,2,0,0,0,0
1660,HLA_1661,2,0,0,0,0
1661,HLA_1662,1,0,0,0,1
1662,HLA_1663,2,0,0,0,0
1663,HLA_1664,1,1,0,0,0
1664,HLA_1665,1,1,0,0,0
1665,HLA_1666,2,0,0,0,0
1666,HLA_1667,1,1,0,0,0
1667,HLA_1668,1,0,1,0,0
1668,HLA_1669,0,1,1,0,0
1669,HLA_1670,0,0,2,0,0
1670,HLA_1671,0,1,0,0,1
1671,HLA_1672,1,0,0,0,1
1672,HLA_1673,2,0,0,0,0
1673,HLA_1674,1,0,1,0,0
1674,HLA_1675,2,0,0,0,0
1675,HLA_1676,1,0,1,0,0
1676,HLA_1677,2,0,0,0,0
1677,HLA_1678,1,1,0,0,0
1678,HLA_1679,2,0,0,0,0
1679,HLA_1680,2,0,0,0,0
1680,HLA_1681,0,1,1,0,0
1681,HLA_1682,2,0,0,0,0
1682,HLA_1683,2,0,0,0,0
1683,HLA_1684,1,1,0,0,0
1684,HLA_1685,1,0,1,0,0
1685,HLA_1686,2,0,0,0,0
1686,HLA_1687,1,0,1,0,0
1687,HLA_1688,1,0,1,0,0
1688,HLA_1689,2,0,0,0,0
1689,HLA_1690,2,0,0,0,0
1690,HLA_1691,2,0,0,0,0
1691,HLA_1692,1,0,1,0,0
1692,HLA_1693,2,0,0,0,0
1693,HLA_1694,2,0,0,0,0
1694,HLA_1695,1,0,1,0,0
1695,HLA_1696,2,0,0,0,0
1696,HLA_1697,2,0,0,0,0
1697,HLA_1698,2,0,0,0,0
1698,HLA_1699,2,0,0,0,0
1699,HLA_1700,2,0,0,0,0
1700,HLA_1701,2,0,0,0,0
1701,HLA_1702,2,0,0,0,0
1702,HLA_1703,2,0,0,0,0
1703,HLA_1704,1,1,0,0,0
1704,HLA_1705,1,0,1,0,0
1705,HLA_1706,2,0,0,0,0
1706,HLA_1707,2,0,0,0,0
1707,HLA_1708,1,0,1,0,0
1708,HLA_1709,2,0,0,0,0
1709,HLA_1710,2,0,0,0,0
1710,HLA_1711,2,0,0,0,0
1711,HLA_1712,1,1,0,0,0
1712,HLA_1713,0,1,1,0,0
1713,HLA_1714,1,1,0,0,0
1714,HLA_1715,1,1,0,0,0
1715,HLA_1716,0,0,2,0,0
1716,HLA_1717,1,0,1,0,0
1717,HLA_1718,1,1,0,0,0
1718,HLA_1719,1,0,1,0,0
1719,HLA_1720,2,0,0,0,0
1720,HLA_1721,2,0,0,0,0
1721,HLA_1722,2,0,0,0,0
1722,HLA_1723,0,0,2,0,0
1723,HLA_1724,1,1,0,0,0
1724,HLA_1725,2,0,0,0,0
1725,HLA_1726,1,1,0,0,0
1726,HLA_1727,1,1,0,0,0
1727,HLA_1728,2,0,0,0,0
1728,HLA_1729,0,0,2,0,0
1729,HLA_1730,1,0,1,0,0
1730,HLA_1731,2,0,0,0,0
1731,HLA_1732,2,0,0,0,0
1732,HLA_1733,1,1,0,0,0
1733,HLA_1734,2,0,0,0,0
1734,HLA_1735,1,0,1,0,0
1735,HLA_1736,2,0,0,0,0
1736,HLA_1737,1,0,1,0,0
1737,HLA_1738,2,0,0,0,0
1738,HLA_1739,1,1,0,0,0
1739,HLA_1740,1,1,0,0,0
1740,HLA_1741,1,1,0,0,0
1741,HLA_1742,2,0,0,0,0
1742,HLA_1743,0,0,2,0,0
1743,HLA_1744,2,0,0,0,0
1744,HLA_1745,2,0,0,0,0
1745,HLA_1746,0,1,1,0,0
1746,HLA_1747,2,0,0,0,0
1747,HLA_1748,2,0,0,0,0
1748,HLA_1749,0,2,0,0,0
1749,HLA_1750,2,0,0,0,0
1750,HLA_1751,2,0,0,0,0
1751,HLA_1752,1,0,1,0,0
1752,HLA_1753,0,1,0,0,1
1753,HLA_1754,2,0,0,0,0
1754,HLA_1755,2,0,0,0,0
1755,HLA_1756,2,0,0,0,0
1756,HLA_1757,1,0,1,0,0
1757,HLA_1758,2,0,0,0,0
1758,HLA_1759,2,0,0,0,0
1759,HLA_1760,2,0,0,0,0
1760,HLA_1761,2,0,0,0,0
1761,HLA_1762,2,0,0,0,0
1762,HLA_1763,2,0,0,0,0
1763,HLA_1764,2,0,0,0,0
1764,HLA_1765,2,0,0,0,0
1765,HLA_1766,2,0,0,0,0
1766,HLA_1767,2,0,0,0,0
1767,HLA_1768,2,0,0,0,0
1768,HLA_1769,2,0,0,0,0
1769,HLA_1770,2,0,0,0,0
1770,HLA_1771,1,0,1,0,0
1771,HLA_1772,1,0,1,0,0
1772,HLA_1773,0,2,0,0,0
1773,HLA_1774,2,0,0,0,0
1774,HLA_1775,1,0,1,0,0
1775,HLA_1776,2,0,0,0,0
1776,HLA_1777,2,0,0,0,0
1777,HLA_1778,1,0,1,0,0
1778,HLA_1779,2,0,0,0,0
1779,HLA_1780,1,0,1,0,0
1780,HLA_1781,2,0,0,0,0
1781,HLA_1782,0,0,2,0,0
1782,HLA_1783,2,0,0,0,0
1783,HLA_1784,2,0,0,0,0
1784,HLA_1785,1,0,1,0,0
1785,HLA_1786,1,0,1,0,0
1786,HLA_1787,2,0,0,0,0
1787,HLA_1788,1,0,0,0,1
1788,HLA_1789,2,0,0,0,0
1789,HLA_1790,2,0,0,0,0
1790,HLA_1791,2,0,0,0,0
1791,HLA_1792,2,0,0,0,0
1792,HLA_1793,1,1,0,0,0
1793,HLA_1794,2,0,0,0,0
1794,HLA_1795,1,1,0,0,0
1795,HLA_1796,2,0,0,0,0
1796,HLA_1797,1,0,1,0,0
1797,HLA_1798,2,0,0,0,0
1798,HLA_1799,1,1,0,0,0
1799,HLA_1800,2,0,0,0,0
1800,HLA_1801,2,0,0,0,0
1801,HLA_1802,2,0,0,0,0
1802,HLA_1803,1,0,1,0,0
1803,HLA_1804,2,0,0,0,0
1804,HLA_1805,2,0,0,0,0
1805,HLA_1806,1,0,1,0,0
1806,HLA_1807,1,0,1,0,0
1807,HLA_1808,1,0,1,0,0
1808,HLA_1809,1,0,1,0,0
1809,HLA_1810,2,0,0,0,0
1810,HLA_1811,2,0,0,0,0
1811,HLA_1812,1,0,1,0,0
1812,HLA_1813,2,0,0,0,0
1813,HLA_1814,2,0,0,0,0
1814,HLA_1815,1,1,0,0,0
1815,HLA_1816,1,0,1,0,0
1816,HLA_1817,2,0,0,0,0
1817,HLA_1818,2,0,0,0,0
1818,HLA_1819,1,1,0,0,0
1819,HLA_1820,0,1,1,0,0
1820,HLA_1821,2,0,0,0,0
1821,HLA_1822,0,0,2,0,0
1822,HLA_1823,2,0,0,0,0
1823,HLA_1824,2,0,0,0,0
1824,HLA_1825,1,0,1,0,0
1825,HLA_1826,2,0,0,0,0
1826,HLA_1827,2,0,0,0,0
1827,HLA_1828,0,0,2,0,0
1828,HLA_1829,1,0,1,0,0
1829,HLA_1830,2,0,0,0,0
1830,HLA_1831,2,0,0,0,0
1831,HLA_1832,1,0,1,0,0
1832,HLA_1833,2,0,0,0,0
1833,HLA_1834,1,1,0,0,0
1834,HLA_1835,1,0,1,0,0
1835,HLA_1836,1,1,0,0,0
1836,HLA_1837,2,0,0,0,0
1837,HLA_1838,2,0,0,0,0
1838,HLA_1839,1,0,1,0,0
1839,HLA_1840,2,0,0,0,0
1840,HLA_1841,2,0,0,0,0
1841,HLA_1842,2,0,0,0,0
1842,HLA_1843,2,0,0,0,0
1843,HLA_1844,2,0,0,0,0
1844,HLA_1845,2,0,0,0,0
1845,HLA_1846,1,1,0,0,0
1846,HLA_1847,0,2,0,0,0
1847,HLA_1848,2,0,0,0,0
1848,HLA_1849,2,0,0,0,0
1849,HLA_1850,1,0,1,0,0
1850,HLA_1851,1,0,1,0,0
1851,HLA_1852,1,0,1,0,0
1852,HLA_1853,1,1,0,0,0
1853,HLA_1854,1,1,0,0,0
1854,HLA_1855,2,0,0,0,0
1855,HLA_1856,2,0,0,0,0
1856,HLA_1857,1,0,0,1,0
1857,HLA_1858,2,0,0,0,0
1858,HLA_1859,0,1,1,0,0
1859,HLA_1860,0,2,0,0,0
1860,HLA_1861,0,1,1,0,0
1861,HLA_1862,2,0,0,0,0
1862,HLA_1863,2,0,0,0,0
1863,HLA_1864,2,0,0,0,0
1864,HLA_1865,2,0,0,0,0
1865,HLA_1866,1,0,1,0,0
1866,HLA_1867,2,0,0,0,0
1867,HLA_1868,2,0,0,0,0
1868,HLA_1869,2,0,0,0,0
1869,HLA_1870,2,0,0,0,0
1870,HLA_1871,2,0,0,0,0
1871,HLA_1872,2,0,0,0,0
1872,HLA_1873,1,0,1,0,0
1873,HLA_1874,1,0,1,0,0
1874,HLA_1875,2,0,0,0,0
1875,HLA_1876,2,0,0,0,0
1876,HLA_1877,1,1,0,0,0
1877,HLA_1878,2,0,0,0,0
1878,HLA_1879,2,0,0,0,0
1879,HLA_1880,2,0,0,0,0
1880,HLA_1881,2,0,0,0,0
1881,HLA_1882,1,0,1,0,0
1882,HLA_1883,2,0,0,0,0
1883,HLA_1884,2,0,0,0,0
1884,HLA_1885,2,0,0,0,0
1885,HLA_1886,0,2,0,0,0
1886,HLA_1887,2,0,0,0,0
1887,HLA_1888,1,1,0,0,0
1888,HLA_1889,2,0,0,0,0
1889,HLA_1890,2,0,0,0,0
1890,HLA_1891,1,1,0,0,0
1891,HLA_1892,0,2,0,0,0
1892,HLA_1893,1,1,0,0,0
1893,HLA_1894,2,0,0,0,0
1894,HLA_1895,2,0,0,0,0
1895,HLA_1896,0,1,1,0,0
1896,HLA_1897,1,0,1,0,0
1897,HLA_1898,0,1,1,0,0
1898,HLA_1899,2,0,0,0,0
1899,HLA_1900,2,0,0,0,0
1900,HLA_1901,2,0,0,0,0
1901,HLA_1902,2,0,0,0,0
1902,HLA_1903,2,0,0,0,0
1903,HLA_1904,0,2,0,0,0
1904,HLA_1905,0,1,1,0,0
1905,HLA_1906,1,1,0,0,0
1906,HLA_1907,1,0,1,0,0
1907,HLA_1908,2,0,0,0,0
1908,HLA_1909,2,0,0,0,0
1909,HLA_1910,2,0,0,0,0
1910,HLA_1911,2,0,0,0,0
1911,HLA_1912,0,2,0,0,0
1912,HLA_1913,1,0,1,0,0
1913,HLA_1914,2,0,0,0,0
1914,HLA_1915,1,1,0,0,0
1915,HLA_1916,0,2,0,0,0
1916,HLA_1917,2,0,0,0,0
1917,HLA_1918,2,0,0,0,0
1918,HLA_1919,2,0,0,0,0
1919,HLA_1920,2,0,0,0,0
1920,HLA_1921,2,0,0,0,0
1921,HLA_1922,2,0,0,0,0
1922,HLA_1923,1,0,1,0,0
1923,HLA_1924,1,1,0,0,0
1924,HLA_1925,2,0,0,0,0
1925,HLA_1926,1,0,1,0,0
1926,HLA_1927,0,1,1,0,0
1927,HLA_1928,2,0,0,0,0
1928,HLA_1929,2,0,0,0,0
1929,HLA_1930,2,0,0,0,0
1930,HLA_1931,1,1,0,0,0
1931,HLA_1932,2,0,0,0,0
1932,HLA_1933,2,0,0,0,0
1933,HLA_1934,2,0,0,0,0
1934,HLA_1935,1,1,0,0,0
1935,HLA_1936,0,0,2,0,0
1936,HLA_1937,2,0,0,0,0
1937,HLA_1938,2,0,0,0,0
1938,HLA_1939,2,0,0,0,0
1939,HLA_1940,2,0,0,0,0
1940,HLA_1941,0,1,1,0,0
1941,HLA_1942,2,0,0,0,0
1942,HLA_1943,0,1,0,0,1
1943,HLA_1944,2,0,0,0,0
1944,HLA_1945,2,0,0,0,0
1945,HLA_1946,1,1,0,0,0
1946,HLA_1947,1,1,0,0,0
1947,HLA_1948,0,1,1,0,0
1948,HLA_1949,0,2,0,0,0
1949,HLA_1950,2,0,0,0,0
1950,HLA_1951,2,0,0,0,0
1951,HLA_1952,2,0,0,0,0
1952,HLA_1953,1,0,1,0,0
1953,HLA_1954,2,0,0,0,0
1954,HLA_1955,2,0,0,0,0
1955,HLA_1956,1,1,0,0,0
1956,HLA_1957,0,1,1,0,0
1957,HLA_1958,2,0,0,0,0
1958,HLA_1959,1,0,1,0,0
1959,HLA_1960,0,1,1,0,0
1960,HLA_1961,1,0,1,0,0
1961,HLA_1962,2,0,0,0,0
1962,HLA_1963,1,0,1,0,0
1963,HLA_1964,2,0,0,0,0
1964,HLA_1965,0,1,1,0,0
1965,HLA_1966,1,0,1,0,0
1966,HLA_1967,0,0,2,0,0
1967,HLA_1968,0,0,2,0,0
1968,HLA_1969,2,0,0,0,0
1969,HLA_1970,2,0,0,0,0
1970,HLA_1971,1,1,0,0,0
1971,HLA_1972,1,0,1,0,0
1972,HLA_1973,2,0,0,0,0
1973,HLA_1974,2,0,0,0,0
1974,HLA_1975,1,0,0,0,1
1975,HLA_1976,2,0,0,0,0
1976,HLA_1977,0,0,2,0,0
1977,HLA_1978,2,0,0,0,0
1978,HLA_1979,2,0,0,0,0
1979,HLA_1980,1,1,0,0,0
1980,HLA_1981,1,0,1,0,0
1981,HLA_1982,2,0,0,0,0
1982,HLA_1983,2,0,0,0,0
1983,HLA_1984,2,0,0,0,0
1984,HLA_1985,0,1,1,0,0
1985,HLA_1986,2,0,0,0,0
1986,HLA_1987,1,0,1,0,0
1987,HLA_1988,1,0,1,0,0
1988,HLA_1989,0,2,0,0,0
1989,HLA_1990,1,0,1,0,0
1990,HLA_1991,2,0,0,0,0
1991,HLA_1992,2,0,0,0,0
1992,HLA_1993,2,0,0,0,0
1993,HLA_1994,1,0,1,0,0
1994,HLA_1995,2,0,0,0,0
1995,HLA_1996,2,0,0,0,0
1996,HLA_1997,2,0,0,0,0
1997,HLA_1998,2,0,0,0,0
1998,HLA_1999,1,0,1,0,0
1999,HLA_2000,1,0,1,0,0
