,IID,02:01,05:01,01:02,01:01,05:05,01:03,03:01,03:03,01:04,01:05,05:03,03:02,06:01,04:01,05:08,05:09
0,HLA_1,1,1,0,0,0,0,0,0,0,0,0,0,0,0,0,0
1,HLA_2,1,0,0,0,1,0,0,0,0,0,0,0,0,0,0,0
2,HLA_3,0,2,0,0,0,0,0,0,0,0,0,0,0,0,0,0
3,HLA_4,0,0,1,0,1,0,0,0,0,0,0,0,0,0,0,0
4,HLA_5,0,0,1,1,0,0,0,0,0,0,0,0,0,0,0,0
5,HLA_6,0,0,1,0,0,0,1,0,0,0,0,0,0,0,0,0
6,HLA_7,0,0,1,0,0,0,1,0,0,0,0,0,0,0,0,0
7,HLA_8,0,0,1,1,0,0,0,0,0,0,0,0,0,0,0,0
8,HLA_9,1,0,0,0,0,0,1,0,0,0,0,0,0,0,0,0
9,HLA_10,1,0,1,0,0,0,0,0,0,0,0,0,0,0,0,0
10,HLA_11,0,0,1,0,0,0,1,0,0,0,0,0,0,0,0,0
11,HLA_12,1,0,0,0,0,0,0,0,0,0,0,0,0,1,0,0
12,HLA_13,0,0,0,0,2,0,0,0,0,0,0,0,0,0,0,0
13,HLA_14,0,0,1,0,0,1,0,0,0,0,0,0,0,0,0,0
14,HLA_15,0,0,0,0,0,1,1,0,0,0,0,0,0,0,0,0
15,HLA_16,0,1,0,0,0,0,1,0,0,0,0,0,0,0,0,0
16,HLA_17,0,0,1,0,1,0,0,0,0,0,0,0,0,0,0,0
17,HLA_18,1,1,0,0,0,0,0,0,0,0,0,0,0,0,0,0
18,HLA_19,0,1,0,0,0,0,0,1,0,0,0,0,0,0,0,0
19,HLA_20,0,0,1,0,1,0,0,0,0,0,0,0,0,0,0,0
20,HLA_21,0,0,1,0,0,0,0,0,0,0,0,1,0,0,0,0
21,HLA_22,2,0,0,0,0,0,0,0,0,0,0,0,0,0,0,0
22,HLA_23,0,0,0,0,0,0,2,0,0,0,0,0,0,0,0,0
23,HLA_24,0,0,0,0,0,0,1,0,1,0,0,0,0,0,0,0
24,HLA_25,1,0,0,0,1,0,0,0,0,0,0,0,0,0,0,0
25,HLA_26,0,0,0,1,0,0,0,0,0,0,0,1,0,0,0,0
26,HLA_27,0,0,2,0,0,0,0,0,0,0,0,0,0,0,0,0
27,HLA_28,0,1,0,1,0,0,0,0,0,0,0,0,0,0,0,0
28,HLA_29,1,0,1,0,0,0,0,0,0,0,0,0,0,0,0,0
29,HLA_30,1,0,0,1,0,0,0,0,0,0,0,0,0,0,0,0
30,HLA_31,0,0,1,0,0,0,1,0,0,0,0,0,0,0,0,0
31,HLA_32,0,0,1,0,0,0,1,0,0,0,0,0,0,0,0,0
32,HLA_33,0,0,1,0,0,1,0,0,0,0,0,0,0,0,0,0
33,HLA_34,0,1,0,0,0,1,0,0,0,0,0,0,0,0,0,0
34,HLA_35,0,0,0,0,0,0,1,0,0,1,0,0,0,0,0,0
35,HLA_36,0,0,1,0,0,0,1,0,0,0,0,0,0,0,0,0
36,HLA_37,1,0,0,1,0,0,0,0,0,0,0,0,0,0,0,0
37,HLA_38,0,0,0,1,0,0,0,0,0,0,0,0,0,1,0,0
38,HLA_39,0,0,1,0,0,0,1,0,0,0,0,0,0,0,0,0
39,HLA_40,0,0,1,0,0,0,1,0,0,0,0,0,0,0,0,0
40,HLA_41,0,0,1,1,0,0,0,0,0,0,0,0,0,0,0,0
41,HLA_42,0,0,1,1,0,0,0,0,0,0,0,0,0,0,0,0
42,HLA_43,0,0,1,0,1,0,0,0,0,0,0,0,0,0,0,0
43,HLA_44,0,0,0,1,0,0,0,1,0,0,0,0,0,0,0,0
44,HLA_45,0,0,1,0,0,0,1,0,0,0,0,0,0,0,0,0
45,HLA_46,0,0,1,0,0,0,0,1,0,0,0,0,0,0,0,0
46,HLA_47,0,0,0,0,1,0,0,0,0,0,1,0,0,0,0,0
47,HLA_48,0,0,2,0,0,0,0,0,0,0,0,0,0,0,0,0
48,HLA_49,0,0,0,1,0,0,0,0,0,0,1,0,0,0,0,0
49,HLA_50,0,0,0,0,1,1,0,0,0,0,0,0,0,0,0,0
50,HLA_51,0,0,2,0,0,0,0,0,0,0,0,0,0,0,0,0
51,HLA_52,0,0,1,0,0,0,0,0,0,0,0,0,0,0,1,0
52,HLA_53,0,0,1,1,0,0,0,0,0,0,0,0,0,0,0,0
53,HLA_54,0,0,0,0,0,0,1,0,0,0,0,0,0,1,0,0
54,HLA_55,0,0,0,0,0,0,1,0,0,0,0,0,0,1,0,0
55,HLA_56,0,1,1,0,0,0,0,0,0,0,0,0,0,0,0,0
56,HLA_57,0,0,1,0,1,0,0,0,0,0,0,0,0,0,0,0
57,HLA_58,0,0,1,1,0,0,0,0,0,0,0,0,0,0,0,0
58,HLA_59,0,0,1,0,0,0,0,0,0,0,0,0,0,1,0,0
59,HLA_60,0,0,2,0,0,0,0,0,0,0,0,0,0,0,0,0
60,HLA_61,0,1,0,0,1,0,0,0,0,0,0,0,0,0,0,0
61,HLA_62,0,0,1,0,0,0,0,0,1,0,0,0,0,0,0,0
62,HLA_63,0,0,1,0,0,0,0,1,0,0,0,0,0,0,0,0
63,HLA_64,1,0,1,0,0,0,0,0,0,0,0,0,0,0,0,0
64,HLA_65,0,1,0,0,1,0,0,0,0,0,0,0,0,0,0,0
65,HLA_66,0,1,1,0,0,0,0,0,0,0,0,0,0,0,0,0
66,HLA_67,1,1,0,0,0,0,0,0,0,0,0,0,0,0,0,0
67,HLA_68,0,1,1,0,0,0,0,0,0,0,0,0,0,0,0,0
68,HLA_69,0,0,1,0,0,0,1,0,0,0,0,0,0,0,0,0
69,HLA_70,0,0,1,0,1,0,0,0,0,0,0,0,0,0,0,0
70,HLA_71,0,0,0,0,0,0,0,0,0,0,0,2,0,0,0,0
71,HLA_72,0,1,0,0,0,1,0,0,0,0,0,0,0,0,0,0
72,HLA_73,0,1,1,0,0,0,0,0,0,0,0,0,0,0,0,0
73,HLA_74,0,0,0,0,0,2,0,0,0,0,0,0,0,0,0,0
74,HLA_75,0,0,0,0,1,1,0,0,0,0,0,0,0,0,0,0
75,HLA_76,0,0,0,0,0,1,0,0,0,0,0,0,0,1,0,0
76,HLA_77,0,0,0,0,0,0,1,0,1,0,0,0,0,0,0,0
77,HLA_78,0,1,0,1,0,0,0,0,0,0,0,0,0,0,0,0
78,HLA_79,0,0,0,1,0,0,0,0,1,0,0,0,0,0,0,0
79,HLA_80,0,0,1,1,0,0,0,0,0,0,0,0,0,0,0,0
80,HLA_81,0,0,0,0,1,0,1,0,0,0,0,0,0,0,0,0
81,HLA_82,0,0,0,0,0,2,0,0,0,0,0,0,0,0,0,0
82,HLA_83,0,0,0,0,1,1,0,0,0,0,0,0,0,0,0,0
83,HLA_84,0,0,1,0,0,0,1,0,0,0,0,0,0,0,0,0
84,HLA_85,0,1,1,0,0,0,0,0,0,0,0,0,0,0,0,0
85,HLA_86,1,0,1,0,0,0,0,0,0,0,0,0,0,0,0,0
86,HLA_87,0,0,1,0,0,0,1,0,0,0,0,0,0,0,0,0
87,HLA_88,1,0,0,0,0,0,1,0,0,0,0,0,0,0,0,0
88,HLA_89,0,0,1,1,0,0,0,0,0,0,0,0,0,0,0,0
89,HLA_90,0,0,0,0,1,1,0,0,0,0,0,0,0,0,0,0
90,HLA_91,0,0,1,0,0,1,0,0,0,0,0,0,0,0,0,0
91,HLA_92,1,0,0,1,0,0,0,0,0,0,0,0,0,0,0,0
92,HLA_93,0,0,0,1,0,0,0,0,1,0,0,0,0,0,0,0
93,HLA_94,2,0,0,0,0,0,0,0,0,0,0,0,0,0,0,0
94,HLA_95,0,0,0,1,0,0,0,0,0,1,0,0,0,0,0,0
95,HLA_96,0,0,0,0,0,1,1,0,0,0,0,0,0,0,0,0
96,HLA_97,0,0,0,1,0,0,0,0,1,0,0,0,0,0,0,0
97,HLA_98,1,0,0,0,1,0,0,0,0,0,0,0,0,0,0,0
98,HLA_99,0,0,0,0,0,1,0,0,0,0,0,1,0,0,0,0
99,HLA_100,0,0,1,0,0,0,1,0,0,0,0,0,0,0,0,0
100,HLA_101,1,0,0,0,0,1,0,0,0,0,0,0,0,0,0,0
101,HLA_102,0,1,0,0,1,0,0,0,0,0,0,0,0,0,0,0
102,HLA_103,0,0,0,1,0,0,0,1,0,0,0,0,0,0,0,0
103,HLA_104,1,1,0,0,0,0,0,0,0,0,0,0,0,0,0,0
104,HLA_105,1,0,0,0,1,0,0,0,0,0,0,0,0,0,0,0
105,HLA_106,1,1,0,0,0,0,0,0,0,0,0,0,0,0,0,0
106,HLA_107,0,0,0,0,0,0,1,1,0,0,0,0,0,0,0,0
107,HLA_108,0,0,1,1,0,0,0,0,0,0,0,0,0,0,0,0
108,HLA_109,1,0,0,0,0,0,1,0,0,0,0,0,0,0,0,0
109,HLA_110,1,0,1,0,0,0,0,0,0,0,0,0,0,0,0,0
110,HLA_111,0,0,2,0,0,0,0,0,0,0,0,0,0,0,0,0
111,HLA_112,1,0,0,0,0,0,0,1,0,0,0,0,0,0,0,0
112,HLA_113,0,1,1,0,0,0,0,0,0,0,0,0,0,0,0,0
113,HLA_114,0,0,0,0,1,0,0,1,0,0,0,0,0,0,0,0
114,HLA_115,0,1,1,0,0,0,0,0,0,0,0,0,0,0,0,0
115,HLA_116,0,0,1,0,0,0,0,0,0,0,0,0,1,0,0,0
116,HLA_117,0,0,1,0,0,0,0,0,0,0,0,0,0,1,0,0
117,HLA_118,0,0,2,0,0,0,0,0,0,0,0,0,0,0,0,0
118,HLA_119,0,0,0,0,0,0,0,0,1,1,0,0,0,0,0,0
119,HLA_120,0,1,0,0,1,0,0,0,0,0,0,0,0,0,0,0
120,HLA_121,0,0,1,1,0,0,0,0,0,0,0,0,0,0,0,0
121,HLA_122,1,0,0,0,1,0,0,0,0,0,0,0,0,0,0,0
122,HLA_123,0,0,1,0,0,0,1,0,0,0,0,0,0,0,0,0
123,HLA_124,0,0,0,0,0,1,0,0,0,0,0,1,0,0,0,0
124,HLA_125,2,0,0,0,0,0,0,0,0,0,0,0,0,0,0,0
125,HLA_126,0,0,0,2,0,0,0,0,0,0,0,0,0,0,0,0
126,HLA_127,0,1,0,1,0,0,0,0,0,0,0,0,0,0,0,0
127,HLA_128,0,0,2,0,0,0,0,0,0,0,0,0,0,0,0,0
128,HLA_129,0,0,2,0,0,0,0,0,0,0,0,0,0,0,0,0
129,HLA_130,0,0,0,1,0,0,1,0,0,0,0,0,0,0,0,0
130,HLA_131,1,0,0,0,0,0,0,0,1,0,0,0,0,0,0,0
131,HLA_132,0,0,1,0,0,1,0,0,0,0,0,0,0,0,0,0
132,HLA_133,1,0,0,0,0,0,0,0,0,0,0,0,0,1,0,0
133,HLA_134,0,0,1,0,0,0,1,0,0,0,0,0,0,0,0,0
134,HLA_135,1,0,1,0,0,0,0,0,0,0,0,0,0,0,0,0
135,HLA_136,0,1,0,0,1,0,0,0,0,0,0,0,0,0,0,0
136,HLA_137,1,0,0,0,0,1,0,0,0,0,0,0,0,0,0,0
137,HLA_138,0,0,0,0,0,0,0,0,1,0,0,0,1,0,0,0
138,HLA_139,1,0,1,0,0,0,0,0,0,0,0,0,0,0,0,0
139,HLA_140,0,0,1,1,0,0,0,0,0,0,0,0,0,0,0,0
140,HLA_141,0,0,1,0,0,0,0,0,1,0,0,0,0,0,0,0
141,HLA_142,0,0,1,1,0,0,0,0,0,0,0,0,0,0,0,0
142,HLA_143,0,0,1,0,0,0,0,1,0,0,0,0,0,0,0,0
143,HLA_144,0,0,1,0,0,0,0,1,0,0,0,0,0,0,0,0
144,HLA_145,0,0,0,0,1,0,1,0,0,0,0,0,0,0,0,0
145,HLA_146,0,0,0,0,0,0,2,0,0,0,0,0,0,0,0,0
146,HLA_147,0,0,2,0,0,0,0,0,0,0,0,0,0,0,0,0
147,HLA_148,0,1,0,0,0,1,0,0,0,0,0,0,0,0,0,0
148,HLA_149,0,0,0,0,1,0,0,0,1,0,0,0,0,0,0,0
149,HLA_150,0,0,1,0,1,0,0,0,0,0,0,0,0,0,0,0
150,HLA_151,0,0,2,0,0,0,0,0,0,0,0,0,0,0,0,0
151,HLA_152,0,1,0,0,0,0,0,0,0,1,0,0,0,0,0,0
152,HLA_153,0,0,0,0,0,0,0,0,0,0,0,0,2,0,0,0
153,HLA_154,0,0,1,0,1,0,0,0,0,0,0,0,0,0,0,0
154,HLA_155,0,0,0,0,0,0,0,0,0,0,0,2,0,0,0,0
155,HLA_156,1,1,0,0,0,0,0,0,0,0,0,0,0,0,0,0
156,HLA_157,0,0,1,0,0,0,1,0,0,0,0,0,0,0,0,0
157,HLA_158,0,0,0,0,1,1,0,0,0,0,0,0,0,0,0,0
158,HLA_159,0,1,0,0,0,0,1,0,0,0,0,0,0,0,0,0
159,HLA_160,0,0,0,0,1,0,0,0,0,0,0,0,1,0,0,0
160,HLA_161,0,0,1,0,1,0,0,0,0,0,0,0,0,0,0,0
161,HLA_162,0,0,0,0,1,0,0,0,0,0,0,0,0,1,0,0
162,HLA_163,0,1,0,0,0,0,0,0,0,0,0,0,0,1,0,0
163,HLA_164,1,0,1,0,0,0,0,0,0,0,0,0,0,0,0,0
164,HLA_165,0,1,0,0,0,0,0,0,0,0,0,0,1,0,0,0
165,HLA_166,0,0,1,0,0,0,0,0,0,0,0,1,0,0,0,0
166,HLA_167,0,0,0,0,1,0,0,1,0,0,0,0,0,0,0,0
167,HLA_168,0,0,0,1,0,0,0,0,0,0,0,0,0,1,0,0
168,HLA_169,0,1,1,0,0,0,0,0,0,0,0,0,0,0,0,0
169,HLA_170,0,0,0,1,0,1,0,0,0,0,0,0,0,0,0,0
170,HLA_171,0,1,1,0,0,0,0,0,0,0,0,0,0,0,0,0
171,HLA_172,0,1,0,0,1,0,0,0,0,0,0,0,0,0,0,0
172,HLA_173,0,0,1,0,1,0,0,0,0,0,0,0,0,0,0,0
173,HLA_174,0,1,0,0,0,0,0,1,0,0,0,0,0,0,0,0
174,HLA_175,0,0,1,1,0,0,0,0,0,0,0,0,0,0,0,0
175,HLA_176,0,0,2,0,0,0,0,0,0,0,0,0,0,0,0,0
176,HLA_177,0,1,1,0,0,0,0,0,0,0,0,0,0,0,0,0
177,HLA_178,0,1,0,0,0,0,0,0,0,0,0,0,1,0,0,0
178,HLA_179,0,0,1,0,0,1,0,0,0,0,0,0,0,0,0,0
179,HLA_180,0,0,1,1,0,0,0,0,0,0,0,0,0,0,0,0
180,HLA_181,2,0,0,0,0,0,0,0,0,0,0,0,0,0,0,0
181,HLA_182,0,0,1,0,0,1,0,0,0,0,0,0,0,0,0,0
182,HLA_183,0,1,0,0,0,0,1,0,0,0,0,0,0,0,0,0
183,HLA_184,0,0,0,1,1,0,0,0,0,0,0,0,0,0,0,0
184,HLA_185,0,0,1,0,0,0,0,1,0,0,0,0,0,0,0,0
185,HLA_186,0,0,0,0,0,0,2,0,0,0,0,0,0,0,0,0
186,HLA_187,0,0,1,0,1,0,0,0,0,0,0,0,0,0,0,0
187,HLA_188,0,0,0,0,1,1,0,0,0,0,0,0,0,0,0,0
188,HLA_189,0,0,0,0,1,0,0,1,0,0,0,0,0,0,0,0
189,HLA_190,0,0,1,1,0,0,0,0,0,0,0,0,0,0,0,0
190,HLA_191,1,0,0,0,0,1,0,0,0,0,0,0,0,0,0,0
191,HLA_192,2,0,0,0,0,0,0,0,0,0,0,0,0,0,0,0
192,HLA_193,0,0,1,0,0,0,0,1,0,0,0,0,0,0,0,0
193,HLA_194,0,0,0,0,0,0,0,1,0,1,0,0,0,0,0,0
194,HLA_195,0,0,0,0,2,0,0,0,0,0,0,0,0,0,0,0
195,HLA_196,0,0,2,0,0,0,0,0,0,0,0,0,0,0,0,0
196,HLA_197,0,0,0,1,1,0,0,0,0,0,0,0,0,0,0,0
197,HLA_198,0,0,2,0,0,0,0,0,0,0,0,0,0,0,0,0
198,HLA_199,0,0,0,0,1,0,0,0,0,0,0,1,0,0,0,0
199,HLA_200,0,0,1,0,0,0,1,0,0,0,0,0,0,0,0,0
200,HLA_201,0,1,0,0,1,0,0,0,0,0,0,0,0,0,0,0
201,HLA_202,0,0,1,0,0,0,0,0,1,0,0,0,0,0,0,0
202,HLA_203,1,0,0,0,0,1,0,0,0,0,0,0,0,0,0,0
203,HLA_204,0,0,1,0,1,0,0,0,0,0,0,0,0,0,0,0
204,HLA_205,0,0,1,0,0,0,1,0,0,0,0,0,0,0,0,0
205,HLA_206,0,0,0,1,0,0,1,0,0,0,0,0,0,0,0,0
206,HLA_207,1,1,0,0,0,0,0,0,0,0,0,0,0,0,0,0
207,HLA_208,0,0,0,1,1,0,0,0,0,0,0,0,0,0,0,0
208,HLA_209,0,0,1,0,0,0,1,0,0,0,0,0,0,0,0,0
209,HLA_210,0,0,2,0,0,0,0,0,0,0,0,0,0,0,0,0
210,HLA_211,0,0,1,0,0,0,0,1,0,0,0,0,0,0,0,0
211,HLA_212,1,0,0,0,0,1,0,0,0,0,0,0,0,0,0,0
212,HLA_213,1,0,1,0,0,0,0,0,0,0,0,0,0,0,0,0
213,HLA_214,2,0,0,0,0,0,0,0,0,0,0,0,0,0,0,0
214,HLA_215,0,0,1,0,1,0,0,0,0,0,0,0,0,0,0,0
215,HLA_216,0,0,2,0,0,0,0,0,0,0,0,0,0,0,0,0
216,HLA_217,0,0,0,1,0,0,1,0,0,0,0,0,0,0,0,0
217,HLA_218,0,0,2,0,0,0,0,0,0,0,0,0,0,0,0,0
218,HLA_219,0,1,1,0,0,0,0,0,0,0,0,0,0,0,0,0
219,HLA_220,0,0,0,0,2,0,0,0,0,0,0,0,0,0,0,0
220,HLA_221,1,0,1,0,0,0,0,0,0,0,0,0,0,0,0,0
221,HLA_222,0,0,0,1,0,1,0,0,0,0,0,0,0,0,0,0
222,HLA_223,0,0,1,0,0,0,0,0,0,0,0,0,0,0,1,0
223,HLA_224,0,0,1,0,0,0,0,1,0,0,0,0,0,0,0,0
224,HLA_225,0,0,0,0,2,0,0,0,0,0,0,0,0,0,0,0
225,HLA_226,0,0,0,1,1,0,0,0,0,0,0,0,0,0,0,0
226,HLA_227,0,0,0,0,0,1,1,0,0,0,0,0,0,0,0,0
227,HLA_228,0,0,0,0,1,0,1,0,0,0,0,0,0,0,0,0
228,HLA_229,0,0,0,1,0,0,0,0,0,0,0,0,1,0,0,0
229,HLA_230,0,0,0,0,1,0,0,0,1,0,0,0,0,0,0,0
230,HLA_231,0,0,2,0,0,0,0,0,0,0,0,0,0,0,0,0
231,HLA_232,1,0,0,0,0,0,0,0,0,0,0,1,0,0,0,0
232,HLA_233,0,2,0,0,0,0,0,0,0,0,0,0,0,0,0,0
233,HLA_234,0,0,0,0,1,0,0,1,0,0,0,0,0,0,0,0
234,HLA_235,1,0,0,0,0,0,1,0,0,0,0,0,0,0,0,0
235,HLA_236,0,0,1,0,0,0,0,1,0,0,0,0,0,0,0,0
236,HLA_237,0,0,0,0,1,1,0,0,0,0,0,0,0,0,0,0
237,HLA_238,0,0,1,0,0,1,0,0,0,0,0,0,0,0,0,0
238,HLA_239,0,0,0,0,0,0,2,0,0,0,0,0,0,0,0,0
239,HLA_240,0,0,0,0,1,0,1,0,0,0,0,0,0,0,0,0
240,HLA_241,0,0,1,0,1,0,0,0,0,0,0,0,0,0,0,0
241,HLA_242,0,0,0,0,0,0,0,1,1,0,0,0,0,0,0,0
242,HLA_243,0,0,0,1,1,0,0,0,0,0,0,0,0,0,0,0
243,HLA_244,0,1,0,0,0,1,0,0,0,0,0,0,0,0,0,0
244,HLA_245,0,0,0,0,0,0,1,0,1,0,0,0,0,0,0,0
245,HLA_246,0,0,1,0,0,0,0,1,0,0,0,0,0,0,0,0
246,HLA_247,1,0,0,0,0,1,0,0,0,0,0,0,0,0,0,0
247,HLA_248,0,0,1,0,0,0,0,0,1,0,0,0,0,0,0,0
248,HLA_249,0,0,1,0,0,0,0,0,1,0,0,0,0,0,0,0
249,HLA_250,0,0,0,0,0,1,0,0,1,0,0,0,0,0,0,0
250,HLA_251,0,0,1,0,0,0,0,1,0,0,0,0,0,0,0,0
251,HLA_252,0,1,1,0,0,0,0,0,0,0,0,0,0,0,0,0
252,HLA_253,1,0,0,1,0,0,0,0,0,0,0,0,0,0,0,0
253,HLA_254,0,0,0,1,1,0,0,0,0,0,0,0,0,0,0,0
254,HLA_255,0,0,1,0,0,0,0,0,1,0,0,0,0,0,0,0
255,HLA_256,0,1,0,0,0,0,0,0,0,0,1,0,0,0,0,0
256,HLA_257,0,0,1,0,0,1,0,0,0,0,0,0,0,0,0,0
257,HLA_258,0,0,2,0,0,0,0,0,0,0,0,0,0,0,0,0
258,HLA_259,0,0,1,1,0,0,0,0,0,0,0,0,0,0,0,0
259,HLA_260,0,0,1,0,1,0,0,0,0,0,0,0,0,0,0,0
260,HLA_261,0,0,0,1,0,0,0,1,0,0,0,0,0,0,0,0
261,HLA_262,0,0,1,0,1,0,0,0,0,0,0,0,0,0,0,0
262,HLA_263,0,1,1,0,0,0,0,0,0,0,0,0,0,0,0,0
263,HLA_264,0,0,0,0,1,1,0,0,0,0,0,0,0,0,0,0
264,HLA_265,0,1,1,0,0,0,0,0,0,0,0,0,0,0,0,0
265,HLA_266,1,0,1,0,0,0,0,0,0,0,0,0,0,0,0,0
266,HLA_267,0,0,0,1,0,1,0,0,0,0,0,0,0,0,0,0
267,HLA_268,1,0,1,0,0,0,0,0,0,0,0,0,0,0,0,0
268,HLA_269,0,0,0,1,0,0,0,0,1,0,0,0,0,0,0,0
269,HLA_270,0,0,1,0,0,1,0,0,0,0,0,0,0,0,0,0
270,HLA_271,0,0,0,0,0,1,0,0,1,0,0,0,0,0,0,0
271,HLA_272,0,0,1,0,0,0,0,0,1,0,0,0,0,0,0,0
272,HLA_273,1,0,0,0,0,0,1,0,0,0,0,0,0,0,0,0
273,HLA_274,0,0,0,1,0,1,0,0,0,0,0,0,0,0,0,0
274,HLA_275,0,0,1,0,0,0,0,0,0,0,0,0,0,1,0,0
275,HLA_276,2,0,0,0,0,0,0,0,0,0,0,0,0,0,0,0
276,HLA_277,0,0,0,0,0,0,1,1,0,0,0,0,0,0,0,0
277,HLA_278,0,0,1,0,1,0,0,0,0,0,0,0,0,0,0,0
278,HLA_279,0,1,0,0,0,1,0,0,0,0,0,0,0,0,0,0
279,HLA_280,0,1,1,0,0,0,0,0,0,0,0,0,0,0,0,0
280,HLA_281,0,0,2,0,0,0,0,0,0,0,0,0,0,0,0,0
281,HLA_282,0,0,0,0,1,1,0,0,0,0,0,0,0,0,0,0
282,HLA_283,0,0,0,0,1,0,0,0,0,1,0,0,0,0,0,0
283,HLA_284,1,1,0,0,0,0,0,0,0,0,0,0,0,0,0,0
284,HLA_285,0,1,0,0,0,0,0,1,0,0,0,0,0,0,0,0
285,HLA_286,0,1,0,1,0,0,0,0,0,0,0,0,0,0,0,0
286,HLA_287,0,0,0,0,1,0,0,0,0,0,0,0,0,1,0,0
287,HLA_288,0,1,1,0,0,0,0,0,0,0,0,0,0,0,0,0
288,HLA_289,0,0,1,1,0,0,0,0,0,0,0,0,0,0,0,0
289,HLA_290,0,0,0,0,0,1,1,0,0,0,0,0,0,0,0,0
290,HLA_291,0,0,2,0,0,0,0,0,0,0,0,0,0,0,0,0
291,HLA_292,0,0,0,0,2,0,0,0,0,0,0,0,0,0,0,0
292,HLA_293,0,1,1,0,0,0,0,0,0,0,0,0,0,0,0,0
293,HLA_294,0,0,2,0,0,0,0,0,0,0,0,0,0,0,0,0
294,HLA_295,0,0,1,1,0,0,0,0,0,0,0,0,0,0,0,0
295,HLA_296,0,0,1,0,0,1,0,0,0,0,0,0,0,0,0,0
296,HLA_297,0,0,0,0,0,1,1,0,0,0,0,0,0,0,0,0
297,HLA_298,0,0,0,1,1,0,0,0,0,0,0,0,0,0,0,0
298,HLA_299,0,0,2,0,0,0,0,0,0,0,0,0,0,0,0,0
299,HLA_300,0,0,0,0,1,0,1,0,0,0,0,0,0,0,0,0
300,HLA_301,0,0,1,0,1,0,0,0,0,0,0,0,0,0,0,0
301,HLA_302,0,0,0,0,1,0,0,1,0,0,0,0,0,0,0,0
302,HLA_303,0,0,1,1,0,0,0,0,0,0,0,0,0,0,0,0
303,HLA_304,1,0,0,0,0,0,0,1,0,0,0,0,0,0,0,0
304,HLA_305,0,0,1,0,1,0,0,0,0,0,0,0,0,0,0,0
305,HLA_306,0,0,1,1,0,0,0,0,0,0,0,0,0,0,0,0
306,HLA_307,0,1,1,0,0,0,0,0,0,0,0,0,0,0,0,0
307,HLA_308,1,0,0,1,0,0,0,0,0,0,0,0,0,0,0,0
308,HLA_309,0,0,0,0,0,0,0,2,0,0,0,0,0,0,0,0
309,HLA_310,0,1,1,0,0,0,0,0,0,0,0,0,0,0,0,0
310,HLA_311,0,0,1,0,1,0,0,0,0,0,0,0,0,0,0,0
311,HLA_312,0,1,1,0,0,0,0,0,0,0,0,0,0,0,0,0
312,HLA_313,0,0,1,0,0,0,0,0,0,0,0,0,1,0,0,0
313,HLA_314,0,0,0,1,0,1,0,0,0,0,0,0,0,0,0,0
314,HLA_315,0,0,0,0,0,0,2,0,0,0,0,0,0,0,0,0
315,HLA_316,1,0,0,0,1,0,0,0,0,0,0,0,0,0,0,0
316,HLA_317,0,1,0,1,0,0,0,0,0,0,0,0,0,0,0,0
317,HLA_318,0,0,1,0,0,0,0,0,0,0,1,0,0,0,0,0
318,HLA_319,1,0,0,0,1,0,0,0,0,0,0,0,0,0,0,0
319,HLA_320,0,0,2,0,0,0,0,0,0,0,0,0,0,0,0,0
320,HLA_321,0,0,0,0,0,1,0,0,0,0,0,1,0,0,0,0
321,HLA_322,0,0,2,0,0,0,0,0,0,0,0,0,0,0,0,0
322,HLA_323,0,0,1,0,1,0,0,0,0,0,0,0,0,0,0,0
323,HLA_324,0,0,0,1,0,0,0,1,0,0,0,0,0,0,0,0
324,HLA_325,0,0,2,0,0,0,0,0,0,0,0,0,0,0,0,0
325,HLA_326,0,0,1,0,0,0,0,0,0,0,0,0,0,1,0,0
326,HLA_327,0,0,0,0,0,1,0,0,0,0,0,1,0,0,0,0
327,HLA_328,0,0,0,0,0,2,0,0,0,0,0,0,0,0,0,0
328,HLA_329,0,0,1,0,0,1,0,0,0,0,0,0,0,0,0,0
329,HLA_330,0,0,1,0,0,0,0,0,1,0,0,0,0,0,0,0
330,HLA_331,0,0,1,0,0,0,0,1,0,0,0,0,0,0,0,0
331,HLA_332,0,0,1,0,0,0,0,1,0,0,0,0,0,0,0,0
332,HLA_333,0,0,0,0,0,1,0,0,0,1,0,0,0,0,0,0
333,HLA_334,0,0,1,0,1,0,0,0,0,0,0,0,0,0,0,0
334,HLA_335,0,0,0,0,0,0,0,1,1,0,0,0,0,0,0,0
335,HLA_336,0,0,1,0,0,0,0,1,0,0,0,0,0,0,0,0
336,HLA_337,0,0,2,0,0,0,0,0,0,0,0,0,0,0,0,0
337,HLA_338,0,0,0,0,1,1,0,0,0,0,0,0,0,0,0,0
338,HLA_339,0,0,0,0,1,0,0,0,0,0,0,0,1,0,0,0
339,HLA_340,0,0,1,0,0,0,0,0,0,0,0,1,0,0,0,0
340,HLA_341,0,0,0,0,1,1,0,0,0,0,0,0,0,0,0,0
341,HLA_342,0,0,1,1,0,0,0,0,0,0,0,0,0,0,0,0
342,HLA_343,0,0,1,0,0,0,0,1,0,0,0,0,0,0,0,0
343,HLA_344,1,0,1,0,0,0,0,0,0,0,0,0,0,0,0,0
344,HLA_345,0,0,0,1,0,0,1,0,0,0,0,0,0,0,0,0
345,HLA_346,1,0,1,0,0,0,0,0,0,0,0,0,0,0,0,0
346,HLA_347,2,0,0,0,0,0,0,0,0,0,0,0,0,0,0,0
347,HLA_348,0,0,1,0,1,0,0,0,0,0,0,0,0,0,0,0
348,HLA_349,0,0,1,0,1,0,0,0,0,0,0,0,0,0,0,0
349,HLA_350,0,0,1,0,0,0,0,1,0,0,0,0,0,0,0,0
350,HLA_351,0,0,1,1,0,0,0,0,0,0,0,0,0,0,0,0
351,HLA_352,0,0,0,0,0,0,1,0,0,0,0,0,0,1,0,0
352,HLA_353,1,0,0,0,0,0,1,0,0,0,0,0,0,0,0,0
353,HLA_354,1,0,1,0,0,0,0,0,0,0,0,0,0,0,0,0
354,HLA_355,0,0,2,0,0,0,0,0,0,0,0,0,0,0,0,0
355,HLA_356,0,0,1,0,0,0,0,1,0,0,0,0,0,0,0,0
356,HLA_357,0,0,0,1,1,0,0,0,0,0,0,0,0,0,0,0
357,HLA_358,0,0,0,1,1,0,0,0,0,0,0,0,0,0,0,0
358,HLA_359,0,0,0,1,0,0,0,0,1,0,0,0,0,0,0,0
359,HLA_360,0,1,1,0,0,0,0,0,0,0,0,0,0,0,0,0
360,HLA_361,0,0,0,0,2,0,0,0,0,0,0,0,0,0,0,0
361,HLA_362,0,1,0,0,0,0,0,1,0,0,0,0,0,0,0,0
362,HLA_363,0,0,0,0,0,1,0,0,0,0,0,0,0,1,0,0
363,HLA_364,0,1,0,1,0,0,0,0,0,0,0,0,0,0,0,0
364,HLA_365,0,0,0,0,1,1,0,0,0,0,0,0,0,0,0,0
365,HLA_366,0,0,1,0,0,1,0,0,0,0,0,0,0,0,0,0
366,HLA_367,1,0,0,0,0,0,1,0,0,0,0,0,0,0,0,0
367,HLA_368,0,0,1,0,1,0,0,0,0,0,0,0,0,0,0,0
368,HLA_369,0,0,1,0,0,0,1,0,0,0,0,0,0,0,0,0
369,HLA_370,0,0,1,0,0,0,1,0,0,0,0,0,0,0,0,0
370,HLA_371,1,1,0,0,0,0,0,0,0,0,0,0,0,0,0,0
371,HLA_372,0,0,0,1,0,0,1,0,0,0,0,0,0,0,0,0
372,HLA_373,0,0,1,0,0,0,0,0,0,0,0,0,0,1,0,0
373,HLA_374,0,1,0,0,1,0,0,0,0,0,0,0,0,0,0,0
374,HLA_375,0,1,1,0,0,0,0,0,0,0,0,0,0,0,0,0
375,HLA_376,0,0,0,1,1,0,0,0,0,0,0,0,0,0,0,0
376,HLA_377,0,0,0,0,0,0,2,0,0,0,0,0,0,0,0,0
377,HLA_378,0,0,0,0,0,1,1,0,0,0,0,0,0,0,0,0
378,HLA_379,0,0,0,0,0,1,1,0,0,0,0,0,0,0,0,0
379,HLA_380,1,0,1,0,0,0,0,0,0,0,0,0,0,0,0,0
380,HLA_381,0,0,2,0,0,0,0,0,0,0,0,0,0,0,0,0
381,HLA_382,0,0,0,1,1,0,0,0,0,0,0,0,0,0,0,0
382,HLA_383,1,0,0,0,0,1,0,0,0,0,0,0,0,0,0,0
383,HLA_384,0,0,1,0,0,0,0,1,0,0,0,0,0,0,0,0
384,HLA_385,1,0,0,0,1,0,0,0,0,0,0,0,0,0,0,0
385,HLA_386,0,0,0,0,1,0,1,0,0,0,0,0,0,0,0,0
386,HLA_387,0,0,1,1,0,0,0,0,0,0,0,0,0,0,0,0
387,HLA_388,0,0,1,0,1,0,0,0,0,0,0,0,0,0,0,0
388,HLA_389,0,0,0,0,2,0,0,0,0,0,0,0,0,0,0,0
389,HLA_390,0,0,1,0,1,0,0,0,0,0,0,0,0,0,0,0
390,HLA_391,1,0,1,0,0,0,0,0,0,0,0,0,0,0,0,0
391,HLA_392,0,0,1,1,0,0,0,0,0,0,0,0,0,0,0,0
392,HLA_393,1,0,0,0,0,1,0,0,0,0,0,0,0,0,0,0
393,HLA_394,0,1,1,0,0,0,0,0,0,0,0,0,0,0,0,0
394,HLA_395,0,0,1,0,0,0,0,0,0,0,1,0,0,0,0,0
395,HLA_396,0,1,1,0,0,0,0,0,0,0,0,0,0,0,0,0
396,HLA_397,0,0,2,0,0,0,0,0,0,0,0,0,0,0,0,0
397,HLA_398,0,0,0,0,0,1,0,1,0,0,0,0,0,0,0,0
398,HLA_399,0,1,0,0,0,0,1,0,0,0,0,0,0,0,0,0
399,HLA_400,1,0,1,0,0,0,0,0,0,0,0,0,0,0,0,0
400,HLA_401,0,0,0,1,0,0,0,0,0,0,1,0,0,0,0,0
401,HLA_402,0,0,1,0,0,1,0,0,0,0,0,0,0,0,0,0
402,HLA_403,0,0,0,0,0,0,0,1,0,0,0,1,0,0,0,0
403,HLA_404,1,1,0,0,0,0,0,0,0,0,0,0,0,0,0,0
404,HLA_405,0,1,0,0,0,1,0,0,0,0,0,0,0,0,0,0
405,HLA_406,0,0,0,0,1,0,1,0,0,0,0,0,0,0,0,0
406,HLA_407,1,0,1,0,0,0,0,0,0,0,0,0,0,0,0,0
407,HLA_408,0,0,1,1,0,0,0,0,0,0,0,0,0,0,0,0
408,HLA_409,0,1,0,0,0,0,0,1,0,0,0,0,0,0,0,0
409,HLA_410,0,1,1,0,0,0,0,0,0,0,0,0,0,0,0,0
410,HLA_411,0,1,0,0,1,0,0,0,0,0,0,0,0,0,0,0
411,HLA_412,0,0,0,0,1,0,0,0,1,0,0,0,0,0,0,0
412,HLA_413,0,0,0,1,1,0,0,0,0,0,0,0,0,0,0,0
413,HLA_414,0,1,1,0,0,0,0,0,0,0,0,0,0,0,0,0
414,HLA_415,0,1,1,0,0,0,0,0,0,0,0,0,0,0,0,0
415,HLA_416,1,1,0,0,0,0,0,0,0,0,0,0,0,0,0,0
416,HLA_417,0,0,1,0,0,0,1,0,0,0,0,0,0,0,0,0
417,HLA_418,0,0,1,0,0,1,0,0,0,0,0,0,0,0,0,0
418,HLA_419,0,0,0,0,0,1,1,0,0,0,0,0,0,0,0,0
419,HLA_420,0,0,1,1,0,0,0,0,0,0,0,0,0,0,0,0
420,HLA_421,0,0,2,0,0,0,0,0,0,0,0,0,0,0,0,0
421,HLA_422,0,0,0,0,2,0,0,0,0,0,0,0,0,0,0,0
422,HLA_423,0,0,0,0,0,0,1,0,0,0,0,0,0,1,0,0
423,HLA_424,0,0,1,0,0,0,0,1,0,0,0,0,0,0,0,0
424,HLA_425,0,1,0,0,1,0,0,0,0,0,0,0,0,0,0,0
425,HLA_426,0,1,0,0,1,0,0,0,0,0,0,0,0,0,0,0
426,HLA_427,0,1,1,0,0,0,0,0,0,0,0,0,0,0,0,0
427,HLA_428,0,1,1,0,0,0,0,0,0,0,0,0,0,0,0,0
428,HLA_429,1,0,0,0,0,0,0,0,1,0,0,0,0,0,0,0
429,HLA_430,0,0,2,0,0,0,0,0,0,0,0,0,0,0,0,0
430,HLA_431,0,0,1,0,0,0,0,0,0,0,0,1,0,0,0,0
431,HLA_432,0,0,0,0,0,1,1,0,0,0,0,0,0,0,0,0
432,HLA_433,0,0,0,0,0,0,0,1,0,0,0,1,0,0,0,0
433,HLA_434,1,0,0,0,1,0,0,0,0,0,0,0,0,0,0,0
434,HLA_435,0,0,0,0,1,0,0,0,0,0,0,1,0,0,0,0
435,HLA_436,0,0,0,0,0,0,0,0,0,0,0,1,0,0,1,0
436,HLA_437,0,1,0,0,0,0,0,0,1,0,0,0,0,0,0,0
437,HLA_438,0,0,2,0,0,0,0,0,0,0,0,0,0,0,0,0
438,HLA_439,0,0,0,0,0,1,1,0,0,0,0,0,0,0,0,0
439,HLA_440,0,0,0,0,1,1,0,0,0,0,0,0,0,0,0,0
440,HLA_441,0,0,0,0,1,0,1,0,0,0,0,0,0,0,0,0
441,HLA_442,1,0,1,0,0,0,0,0,0,0,0,0,0,0,0,0
442,HLA_443,0,0,1,0,0,1,0,0,0,0,0,0,0,0,0,0
443,HLA_444,0,0,1,0,0,0,0,0,0,0,0,1,0,0,0,0
444,HLA_445,1,0,1,0,0,0,0,0,0,0,0,0,0,0,0,0
445,HLA_446,0,0,1,0,0,0,0,0,1,0,0,0,0,0,0,0
446,HLA_447,0,0,1,1,0,0,0,0,0,0,0,0,0,0,0,0
447,HLA_448,0,0,0,0,2,0,0,0,0,0,0,0,0,0,0,0
448,HLA_449,1,1,0,0,0,0,0,0,0,0,0,0,0,0,0,0
449,HLA_450,1,0,0,0,0,0,1,0,0,0,0,0,0,0,0,0
450,HLA_451,0,0,0,0,1,0,0,0,0,0,0,0,0,1,0,0
451,HLA_452,0,0,1,0,0,0,0,0,0,0,0,0,1,0,0,0
452,HLA_453,0,0,2,0,0,0,0,0,0,0,0,0,0,0,0,0
453,HLA_454,0,0,0,1,0,0,1,0,0,0,0,0,0,0,0,0
454,HLA_455,1,0,0,0,0,0,0,0,0,0,0,0,0,1,0,0
455,HLA_456,0,0,1,0,0,0,0,0,0,0,0,1,0,0,0,0
456,HLA_457,0,0,1,0,0,0,1,0,0,0,0,0,0,0,0,0
457,HLA_458,1,0,0,1,0,0,0,0,0,0,0,0,0,0,0,0
458,HLA_459,0,1,0,0,0,1,0,0,0,0,0,0,0,0,0,0
459,HLA_460,0,0,1,1,0,0,0,0,0,0,0,0,0,0,0,0
460,HLA_461,0,0,1,0,0,0,0,0,0,0,0,0,0,1,0,0
461,HLA_462,0,0,1,0,0,0,0,1,0,0,0,0,0,0,0,0
462,HLA_463,1,1,0,0,0,0,0,0,0,0,0,0,0,0,0,0
463,HLA_464,0,0,2,0,0,0,0,0,0,0,0,0,0,0,0,0
464,HLA_465,0,0,1,0,1,0,0,0,0,0,0,0,0,0,0,0
465,HLA_466,0,0,2,0,0,0,0,0,0,0,0,0,0,0,0,0
466,HLA_467,0,1,0,0,1,0,0,0,0,0,0,0,0,0,0,0
467,HLA_468,0,0,1,0,0,0,1,0,0,0,0,0,0,0,0,0
468,HLA_469,0,0,1,0,0,0,0,0,0,0,0,1,0,0,0,0
469,HLA_470,1,0,0,0,1,0,0,0,0,0,0,0,0,0,0,0
470,HLA_471,0,0,2,0,0,0,0,0,0,0,0,0,0,0,0,0
471,HLA_472,0,1,0,0,0,0,1,0,0,0,0,0,0,0,0,0
472,HLA_473,0,0,2,0,0,0,0,0,0,0,0,0,0,0,0,0
473,HLA_474,0,0,2,0,0,0,0,0,0,0,0,0,0,0,0,0
474,HLA_475,0,1,0,0,0,0,0,0,1,0,0,0,0,0,0,0
475,HLA_476,0,0,0,1,0,0,1,0,0,0,0,0,0,0,0,0
476,HLA_477,0,0,1,0,1,0,0,0,0,0,0,0,0,0,0,0
477,HLA_478,1,0,1,0,0,0,0,0,0,0,0,0,0,0,0,0
478,HLA_479,0,0,0,0,2,0,0,0,0,0,0,0,0,0,0,0
479,HLA_480,0,0,0,1,1,0,0,0,0,0,0,0,0,0,0,0
480,HLA_481,0,1,0,0,0,0,0,1,0,0,0,0,0,0,0,0
481,HLA_482,0,1,1,0,0,0,0,0,0,0,0,0,0,0,0,0
482,HLA_483,0,0,0,0,1,0,1,0,0,0,0,0,0,0,0,0
483,HLA_484,0,0,0,0,0,0,0,1,0,0,0,1,0,0,0,0
484,HLA_485,0,0,2,0,0,0,0,0,0,0,0,0,0,0,0,0
485,HLA_486,0,0,1,0,0,0,0,1,0,0,0,0,0,0,0,0
486,HLA_487,0,0,1,0,1,0,0,0,0,0,0,0,0,0,0,0
487,HLA_488,0,1,1,0,0,0,0,0,0,0,0,0,0,0,0,0
488,HLA_489,0,0,0,0,1,0,1,0,0,0,0,0,0,0,0,0
489,HLA_490,0,0,0,1,0,1,0,0,0,0,0,0,0,0,0,0
490,HLA_491,0,0,1,0,0,0,0,0,0,0,0,1,0,0,0,0
491,HLA_492,1,0,1,0,0,0,0,0,0,0,0,0,0,0,0,0
492,HLA_493,0,0,1,0,0,0,0,0,0,0,0,1,0,0,0,0
493,HLA_494,0,0,1,0,0,0,0,1,0,0,0,0,0,0,0,0
494,HLA_495,0,0,0,0,1,0,1,0,0,0,0,0,0,0,0,0
495,HLA_496,1,0,1,0,0,0,0,0,0,0,0,0,0,0,0,0
496,HLA_497,0,0,2,0,0,0,0,0,0,0,0,0,0,0,0,0
497,HLA_498,0,0,2,0,0,0,0,0,0,0,0,0,0,0,0,0
498,HLA_499,0,0,0,0,0,1,0,0,0,0,0,0,0,1,0,0
499,HLA_500,0,0,1,0,0,0,0,0,1,0,0,0,0,0,0,0
500,HLA_501,0,0,0,0,1,1,0,0,0,0,0,0,0,0,0,0
501,HLA_502,0,0,0,0,1,0,1,0,0,0,0,0,0,0,0,0
502,HLA_503,0,0,0,1,1,0,0,0,0,0,0,0,0,0,0,0
503,HLA_504,0,0,1,0,0,0,0,0,0,0,0,0,0,1,0,0
504,HLA_505,0,0,0,1,1,0,0,0,0,0,0,0,0,0,0,0
505,HLA_506,0,1,1,0,0,0,0,0,0,0,0,0,0,0,0,0
506,HLA_507,0,0,1,0,0,0,0,1,0,0,0,0,0,0,0,0
507,HLA_508,0,0,0,0,0,0,0,0,1,0,0,0,0,1,0,0
508,HLA_509,1,0,0,0,0,0,0,0,0,1,0,0,0,0,0,0
509,HLA_510,0,0,0,0,1,0,1,0,0,0,0,0,0,0,0,0
510,HLA_511,0,0,0,1,0,0,0,0,1,0,0,0,0,0,0,0
511,HLA_512,0,0,0,0,0,0,0,1,0,0,0,0,0,1,0,0
512,HLA_513,1,0,0,0,1,0,0,0,0,0,0,0,0,0,0,0
513,HLA_514,0,0,0,0,0,0,0,1,0,1,0,0,0,0,0,0
514,HLA_515,0,0,1,0,0,1,0,0,0,0,0,0,0,0,0,0
515,HLA_516,0,0,0,0,1,0,1,0,0,0,0,0,0,0,0,0
516,HLA_517,0,1,0,0,0,1,0,0,0,0,0,0,0,0,0,0
517,HLA_518,0,0,0,0,0,1,0,1,0,0,0,0,0,0,0,0
518,HLA_519,0,0,1,0,0,0,1,0,0,0,0,0,0,0,0,0
519,HLA_520,0,0,1,0,0,1,0,0,0,0,0,0,0,0,0,0
520,HLA_521,1,0,0,1,0,0,0,0,0,0,0,0,0,0,0,0
521,HLA_522,1,0,1,0,0,0,0,0,0,0,0,0,0,0,0,0
522,HLA_523,0,0,2,0,0,0,0,0,0,0,0,0,0,0,0,0
523,HLA_524,0,1,0,0,1,0,0,0,0,0,0,0,0,0,0,0
524,HLA_525,0,1,1,0,0,0,0,0,0,0,0,0,0,0,0,0
525,HLA_526,0,0,1,0,0,0,0,0,0,0,0,1,0,0,0,0
526,HLA_527,0,1,0,0,1,0,0,0,0,0,0,0,0,0,0,0
527,HLA_528,0,1,0,0,0,0,1,0,0,0,0,0,0,0,0,0
528,HLA_529,0,2,0,0,0,0,0,0,0,0,0,0,0,0,0,0
529,HLA_530,0,0,1,0,1,0,0,0,0,0,0,0,0,0,0,0
530,HLA_531,0,0,1,0,0,0,1,0,0,0,0,0,0,0,0,0
531,HLA_532,0,0,0,1,0,0,0,0,0,0,0,0,1,0,0,0
532,HLA_533,0,0,1,0,0,0,1,0,0,0,0,0,0,0,0,0
533,HLA_534,0,1,1,0,0,0,0,0,0,0,0,0,0,0,0,0
534,HLA_535,1,0,0,0,1,0,0,0,0,0,0,0,0,0,0,0
535,HLA_536,0,1,0,0,0,0,1,0,0,0,0,0,0,0,0,0
536,HLA_537,0,0,0,0,0,1,0,1,0,0,0,0,0,0,0,0
537,HLA_538,1,0,0,0,1,0,0,0,0,0,0,0,0,0,0,0
538,HLA_539,0,0,0,0,0,0,0,1,0,0,0,0,0,1,0,0
539,HLA_540,0,0,0,0,1,1,0,0,0,0,0,0,0,0,0,0
540,HLA_541,0,0,1,1,0,0,0,0,0,0,0,0,0,0,0,0
541,HLA_542,0,1,0,0,0,0,0,0,0,0,0,0,0,1,0,0
542,HLA_543,0,0,1,0,0,0,0,0,0,0,0,1,0,0,0,0
543,HLA_544,0,1,0,0,0,0,0,1,0,0,0,0,0,0,0,0
544,HLA_545,0,0,2,0,0,0,0,0,0,0,0,0,0,0,0,0
545,HLA_546,0,0,0,0,1,0,0,1,0,0,0,0,0,0,0,0
546,HLA_547,0,0,0,0,0,0,0,1,0,0,0,0,0,1,0,0
547,HLA_548,1,0,0,0,0,1,0,0,0,0,0,0,0,0,0,0
548,HLA_549,1,0,0,0,1,0,0,0,0,0,0,0,0,0,0,0
549,HLA_550,0,0,0,0,0,0,0,1,0,0,1,0,0,0,0,0
550,HLA_551,1,1,0,0,0,0,0,0,0,0,0,0,0,0,0,0
551,HLA_552,0,0,0,2,0,0,0,0,0,0,0,0,0,0,0,0
552,HLA_553,0,0,0,0,0,0,1,0,0,0,0,0,0,1,0,0
553,HLA_554,1,0,0,0,0,0,1,0,0,0,0,0,0,0,0,0
554,HLA_555,0,0,0,0,0,0,1,0,0,0,0,0,0,1,0,0
555,HLA_556,0,0,1,1,0,0,0,0,0,0,0,0,0,0,0,0
556,HLA_557,0,2,0,0,0,0,0,0,0,0,0,0,0,0,0,0
557,HLA_558,0,0,2,0,0,0,0,0,0,0,0,0,0,0,0,0
558,HLA_559,0,0,0,0,1,0,1,0,0,0,0,0,0,0,0,0
559,HLA_560,0,1,1,0,0,0,0,0,0,0,0,0,0,0,0,0
560,HLA_561,0,0,0,1,0,0,0,1,0,0,0,0,0,0,0,0
561,HLA_562,0,0,1,0,0,0,1,0,0,0,0,0,0,0,0,0
562,HLA_563,0,0,0,0,0,1,1,0,0,0,0,0,0,0,0,0
563,HLA_564,0,0,1,0,0,1,0,0,0,0,0,0,0,0,0,0
564,HLA_565,0,0,0,0,1,1,0,0,0,0,0,0,0,0,0,0
565,HLA_566,0,1,0,1,0,0,0,0,0,0,0,0,0,0,0,0
566,HLA_567,0,0,1,0,0,0,0,0,0,0,0,1,0,0,0,0
567,HLA_568,0,0,1,0,0,0,1,0,0,0,0,0,0,0,0,0
568,HLA_569,0,0,1,0,0,0,1,0,0,0,0,0,0,0,0,0
569,HLA_570,0,0,0,0,0,0,0,1,0,0,0,1,0,0,0,0
570,HLA_571,1,0,0,0,0,1,0,0,0,0,0,0,0,0,0,0
571,HLA_572,0,0,1,0,0,1,0,0,0,0,0,0,0,0,0,0
572,HLA_573,0,0,0,0,0,0,0,1,0,0,0,0,0,1,0,0
573,HLA_574,0,0,1,0,0,0,0,0,0,1,0,0,0,0,0,0
574,HLA_575,0,0,0,0,0,1,0,0,0,0,0,0,0,1,0,0
575,HLA_576,0,1,1,0,0,0,0,0,0,0,0,0,0,0,0,0
576,HLA_577,0,1,1,0,0,0,0,0,0,0,0,0,0,0,0,0
577,HLA_578,0,0,0,0,0,0,0,1,0,0,0,1,0,0,0,0
578,HLA_579,0,0,0,1,0,0,1,0,0,0,0,0,0,0,0,0
579,HLA_580,0,1,1,0,0,0,0,0,0,0,0,0,0,0,0,0
580,HLA_581,1,0,1,0,0,0,0,0,0,0,0,0,0,0,0,0
581,HLA_582,0,0,2,0,0,0,0,0,0,0,0,0,0,0,0,0
582,HLA_583,0,0,1,0,0,0,0,1,0,0,0,0,0,0,0,0
583,HLA_584,0,0,1,0,0,0,1,0,0,0,0,0,0,0,0,0
584,HLA_585,0,0,1,0,0,1,0,0,0,0,0,0,0,0,0,0
585,HLA_586,0,0,1,1,0,0,0,0,0,0,0,0,0,0,0,0
586,HLA_587,0,0,0,1,0,0,1,0,0,0,0,0,0,0,0,0
587,HLA_588,0,1,1,0,0,0,0,0,0,0,0,0,0,0,0,0
588,HLA_589,0,1,1,0,0,0,0,0,0,0,0,0,0,0,0,0
589,HLA_590,0,1,0,0,0,1,0,0,0,0,0,0,0,0,0,0
590,HLA_591,1,0,1,0,0,0,0,0,0,0,0,0,0,0,0,0
591,HLA_592,0,0,1,1,0,0,0,0,0,0,0,0,0,0,0,0
592,HLA_593,1,0,0,0,1,0,0,0,0,0,0,0,0,0,0,0
593,HLA_594,0,0,0,0,2,0,0,0,0,0,0,0,0,0,0,0
594,HLA_595,0,1,1,0,0,0,0,0,0,0,0,0,0,0,0,0
595,HLA_596,1,0,0,0,1,0,0,0,0,0,0,0,0,0,0,0
596,HLA_597,0,0,0,0,0,0,0,0,1,0,0,1,0,0,0,0
597,HLA_598,0,0,0,0,1,0,0,0,0,0,0,1,0,0,0,0
598,HLA_599,1,0,0,1,0,0,0,0,0,0,0,0,0,0,0,0
599,HLA_600,0,0,1,0,0,0,0,0,0,0,0,1,0,0,0,0
600,HLA_601,0,1,0,0,1,0,0,0,0,0,0,0,0,0,0,0
601,HLA_602,0,0,0,1,0,0,1,0,0,0,0,0,0,0,0,0
602,HLA_603,0,0,1,0,0,0,0,0,0,0,1,0,0,0,0,0
603,HLA_604,0,0,1,1,0,0,0,0,0,0,0,0,0,0,0,0
604,HLA_605,1,0,1,0,0,0,0,0,0,0,0,0,0,0,0,0
605,HLA_606,0,0,1,0,0,0,0,0,1,0,0,0,0,0,0,0
606,HLA_607,0,0,0,0,1,0,0,1,0,0,0,0,0,0,0,0
607,HLA_608,0,0,1,0,0,0,1,0,0,0,0,0,0,0,0,0
608,HLA_609,1,0,1,0,0,0,0,0,0,0,0,0,0,0,0,0
609,HLA_610,0,0,2,0,0,0,0,0,0,0,0,0,0,0,0,0
610,HLA_611,0,0,1,0,0,0,0,1,0,0,0,0,0,0,0,0
611,HLA_612,1,0,0,0,0,1,0,0,0,0,0,0,0,0,0,0
612,HLA_613,0,0,1,0,1,0,0,0,0,0,0,0,0,0,0,0
613,HLA_614,0,1,0,0,0,0,0,0,0,1,0,0,0,0,0,0
614,HLA_615,0,0,1,0,0,0,0,1,0,0,0,0,0,0,0,0
615,HLA_616,0,0,1,0,0,0,0,1,0,0,0,0,0,0,0,0
616,HLA_617,0,0,0,0,1,0,1,0,0,0,0,0,0,0,0,0
617,HLA_618,0,0,1,0,1,0,0,0,0,0,0,0,0,0,0,0
618,HLA_619,0,1,0,0,1,0,0,0,0,0,0,0,0,0,0,0
619,HLA_620,0,0,1,0,0,0,1,0,0,0,0,0,0,0,0,0
620,HLA_621,0,0,2,0,0,0,0,0,0,0,0,0,0,0,0,0
621,HLA_622,1,0,0,0,0,0,0,0,1,0,0,0,0,0,0,0
622,HLA_623,0,0,1,0,0,1,0,0,0,0,0,0,0,0,0,0
623,HLA_624,2,0,0,0,0,0,0,0,0,0,0,0,0,0,0,0
624,HLA_625,1,0,1,0,0,0,0,0,0,0,0,0,0,0,0,0
625,HLA_626,0,1,0,0,0,0,0,0,0,0,0,1,0,0,0,0
626,HLA_627,0,0,1,0,0,0,0,1,0,0,0,0,0,0,0,0
627,HLA_628,0,0,1,0,0,1,0,0,0,0,0,0,0,0,0,0
628,HLA_629,0,0,0,0,1,0,0,0,0,0,0,1,0,0,0,0
629,HLA_630,0,0,0,1,1,0,0,0,0,0,0,0,0,0,0,0
630,HLA_631,0,0,1,0,0,0,0,0,0,0,1,0,0,0,0,0
631,HLA_632,0,0,1,0,0,0,1,0,0,0,0,0,0,0,0,0
632,HLA_633,0,0,1,0,0,0,1,0,0,0,0,0,0,0,0,0
633,HLA_634,0,0,1,0,0,1,0,0,0,0,0,0,0,0,0,0
634,HLA_635,0,0,0,0,0,0,0,0,0,0,0,2,0,0,0,0
635,HLA_636,1,0,0,0,0,1,0,0,0,0,0,0,0,0,0,0
636,HLA_637,0,0,1,0,0,0,1,0,0,0,0,0,0,0,0,0
637,HLA_638,0,0,0,0,2,0,0,0,0,0,0,0,0,0,0,0
638,HLA_639,0,0,1,0,0,1,0,0,0,0,0,0,0,0,0,0
639,HLA_640,0,0,1,0,0,0,0,1,0,0,0,0,0,0,0,0
640,HLA_641,0,0,0,0,0,2,0,0,0,0,0,0,0,0,0,0
641,HLA_642,1,0,1,0,0,0,0,0,0,0,0,0,0,0,0,0
642,HLA_643,2,0,0,0,0,0,0,0,0,0,0,0,0,0,0,0
643,HLA_644,0,0,1,0,0,0,1,0,0,0,0,0,0,0,0,0
644,HLA_645,0,0,1,0,0,0,0,1,0,0,0,0,0,0,0,0
645,HLA_646,0,1,1,0,0,0,0,0,0,0,0,0,0,0,0,0
646,HLA_647,0,0,0,0,1,0,0,0,0,0,0,0,0,1,0,0
647,HLA_648,1,0,0,0,1,0,0,0,0,0,0,0,0,0,0,0
648,HLA_649,0,0,0,0,1,0,1,0,0,0,0,0,0,0,0,0
649,HLA_650,0,0,0,0,0,0,0,2,0,0,0,0,0,0,0,0
650,HLA_651,1,0,0,0,1,0,0,0,0,0,0,0,0,0,0,0
651,HLA_652,1,0,0,0,0,0,0,0,1,0,0,0,0,0,0,0
652,HLA_653,0,0,0,0,2,0,0,0,0,0,0,0,0,0,0,0
653,HLA_654,1,0,0,0,0,0,0,0,1,0,0,0,0,0,0,0
654,HLA_655,1,1,0,0,0,0,0,0,0,0,0,0,0,0,0,0
655,HLA_656,0,0,0,0,0,0,0,1,0,0,0,0,0,0,0,1
656,HLA_657,0,0,0,0,0,0,1,1,0,0,0,0,0,0,0,0
657,HLA_658,1,0,0,0,0,1,0,0,0,0,0,0,0,0,0,0
658,HLA_659,0,0,0,0,1,0,1,0,0,0,0,0,0,0,0,0
659,HLA_660,0,0,1,0,1,0,0,0,0,0,0,0,0,0,0,0
660,HLA_661,0,0,1,0,0,0,0,0,0,0,0,1,0,0,0,0
661,HLA_662,0,1,0,0,0,0,1,0,0,0,0,0,0,0,0,0
662,HLA_663,0,1,1,0,0,0,0,0,0,0,0,0,0,0,0,0
663,HLA_664,0,0,1,0,0,0,0,0,1,0,0,0,0,0,0,0
664,HLA_665,0,0,0,0,0,0,2,0,0,0,0,0,0,0,0,0
665,HLA_666,1,0,0,0,0,0,0,1,0,0,0,0,0,0,0,0
666,HLA_667,0,0,1,0,0,0,0,1,0,0,0,0,0,0,0,0
667,HLA_668,1,1,0,0,0,0,0,0,0,0,0,0,0,0,0,0
668,HLA_669,0,0,2,0,0,0,0,0,0,0,0,0,0,0,0,0
669,HLA_670,0,0,2,0,0,0,0,0,0,0,0,0,0,0,0,0
670,HLA_671,0,0,1,0,0,0,0,0,0,0,0,0,0,1,0,0
671,HLA_672,0,1,0,0,0,0,0,0,1,0,0,0,0,0,0,0
672,HLA_673,0,0,0,0,1,0,0,0,0,0,0,0,0,1,0,0
673,HLA_674,1,0,1,0,0,0,0,0,0,0,0,0,0,0,0,0
674,HLA_675,0,0,1,0,0,0,0,1,0,0,0,0,0,0,0,0
675,HLA_676,0,0,1,0,0,0,0,0,0,0,0,0,0,1,0,0
676,HLA_677,0,0,1,0,1,0,0,0,0,0,0,0,0,0,0,0
677,HLA_678,0,0,2,0,0,0,0,0,0,0,0,0,0,0,0,0
678,HLA_679,0,0,1,1,0,0,0,0,0,0,0,0,0,0,0,0
679,HLA_680,0,1,0,0,0,1,0,0,0,0,0,0,0,0,0,0
680,HLA_681,0,0,0,1,0,0,1,0,0,0,0,0,0,0,0,0
681,HLA_682,0,0,1,0,0,0,0,1,0,0,0,0,0,0,0,0
682,HLA_683,0,0,1,0,0,1,0,0,0,0,0,0,0,0,0,0
683,HLA_684,0,0,0,1,0,1,0,0,0,0,0,0,0,0,0,0
684,HLA_685,0,0,0,0,1,1,0,0,0,0,0,0,0,0,0,0
685,HLA_686,0,0,0,0,0,1,0,0,0,0,0,1,0,0,0,0
686,HLA_687,0,0,1,0,0,0,0,0,0,0,0,1,0,0,0,0
687,HLA_688,0,1,0,0,0,1,0,0,0,0,0,0,0,0,0,0
688,HLA_689,0,0,0,0,1,0,0,0,1,0,0,0,0,0,0,0
689,HLA_690,0,0,1,1,0,0,0,0,0,0,0,0,0,0,0,0
690,HLA_691,0,0,0,0,1,0,1,0,0,0,0,0,0,0,0,0
691,HLA_692,0,0,1,0,0,0,0,0,0,0,0,1,0,0,0,0
692,HLA_693,0,0,1,0,0,0,1,0,0,0,0,0,0,0,0,0
693,HLA_694,0,1,0,0,0,1,0,0,0,0,0,0,0,0,0,0
694,HLA_695,0,0,0,0,1,1,0,0,0,0,0,0,0,0,0,0
695,HLA_696,0,1,0,0,1,0,0,0,0,0,0,0,0,0,0,0
696,HLA_697,1,0,1,0,0,0,0,0,0,0,0,0,0,0,0,0
697,HLA_698,0,1,0,0,0,0,0,1,0,0,0,0,0,0,0,0
698,HLA_699,0,0,1,0,1,0,0,0,0,0,0,0,0,0,0,0
699,HLA_700,0,1,0,0,1,0,0,0,0,0,0,0,0,0,0,0
700,HLA_701,0,0,0,0,0,0,0,0,1,0,0,1,0,0,0,0
701,HLA_702,1,0,0,0,0,0,0,0,0,0,0,1,0,0,0,0
702,HLA_703,0,0,1,1,0,0,0,0,0,0,0,0,0,0,0,0
703,HLA_704,1,0,0,0,0,0,0,1,0,0,0,0,0,0,0,0
704,HLA_705,0,0,1,1,0,0,0,0,0,0,0,0,0,0,0,0
705,HLA_706,0,0,0,0,1,0,1,0,0,0,0,0,0,0,0,0
706,HLA_707,0,0,1,0,0,0,1,0,0,0,0,0,0,0,0,0
707,HLA_708,0,0,2,0,0,0,0,0,0,0,0,0,0,0,0,0
708,HLA_709,0,0,1,0,0,0,1,0,0,0,0,0,0,0,0,0
709,HLA_710,0,0,1,0,0,1,0,0,0,0,0,0,0,0,0,0
710,HLA_711,0,0,1,0,0,0,0,0,0,0,1,0,0,0,0,0
711,HLA_712,0,0,0,1,0,0,1,0,0,0,0,0,0,0,0,0
712,HLA_713,0,0,0,0,2,0,0,0,0,0,0,0,0,0,0,0
713,HLA_714,0,0,0,0,0,1,0,0,0,0,0,0,0,1,0,0
714,HLA_715,0,0,1,0,0,1,0,0,0,0,0,0,0,0,0,0
715,HLA_716,2,0,0,0,0,0,0,0,0,0,0,0,0,0,0,0
716,HLA_717,0,1,0,1,0,0,0,0,0,0,0,0,0,0,0,0
717,HLA_718,0,0,1,0,0,0,1,0,0,0,0,0,0,0,0,0
718,HLA_719,0,1,0,0,0,0,1,0,0,0,0,0,0,0,0,0
719,HLA_720,0,0,0,0,0,0,1,1,0,0,0,0,0,0,0,0
720,HLA_721,0,1,1,0,0,0,0,0,0,0,0,0,0,0,0,0
721,HLA_722,0,0,1,0,0,0,1,0,0,0,0,0,0,0,0,0
722,HLA_723,0,0,0,0,0,1,1,0,0,0,0,0,0,0,0,0
723,HLA_724,1,0,1,0,0,0,0,0,0,0,0,0,0,0,0,0
724,HLA_725,0,0,1,1,0,0,0,0,0,0,0,0,0,0,0,0
725,HLA_726,0,0,0,0,0,0,0,0,1,0,1,0,0,0,0,0
726,HLA_727,1,0,1,0,0,0,0,0,0,0,0,0,0,0,0,0
727,HLA_728,1,0,0,0,0,0,1,0,0,0,0,0,0,0,0,0
728,HLA_729,1,0,1,0,0,0,0,0,0,0,0,0,0,0,0,0
729,HLA_730,1,0,0,0,0,0,1,0,0,0,0,0,0,0,0,0
730,HLA_731,0,0,0,1,0,1,0,0,0,0,0,0,0,0,0,0
731,HLA_732,0,0,1,0,0,0,1,0,0,0,0,0,0,0,0,0
732,HLA_733,0,0,0,0,0,0,0,1,0,0,0,1,0,0,0,0
733,HLA_734,0,0,0,1,0,0,1,0,0,0,0,0,0,0,0,0
734,HLA_735,0,1,1,0,0,0,0,0,0,0,0,0,0,0,0,0
735,HLA_736,0,1,0,0,1,0,0,0,0,0,0,0,0,0,0,0
736,HLA_737,0,1,0,0,0,0,0,0,1,0,0,0,0,0,0,0
737,HLA_738,1,0,0,1,0,0,0,0,0,0,0,0,0,0,0,0
738,HLA_739,1,0,0,1,0,0,0,0,0,0,0,0,0,0,0,0
739,HLA_740,0,1,0,0,0,1,0,0,0,0,0,0,0,0,0,0
740,HLA_741,0,1,0,0,0,0,0,1,0,0,0,0,0,0,0,0
741,HLA_742,0,1,0,0,0,0,1,0,0,0,0,0,0,0,0,0
742,HLA_743,0,0,1,0,0,0,1,0,0,0,0,0,0,0,0,0
743,HLA_744,0,0,1,0,0,0,0,1,0,0,0,0,0,0,0,0
744,HLA_745,0,1,0,0,0,0,0,1,0,0,0,0,0,0,0,0
745,HLA_746,0,0,1,1,0,0,0,0,0,0,0,0,0,0,0,0
746,HLA_747,1,0,0,0,0,0,0,0,1,0,0,0,0,0,0,0
747,HLA_748,0,0,0,0,2,0,0,0,0,0,0,0,0,0,0,0
748,HLA_749,0,0,0,2,0,0,0,0,0,0,0,0,0,0,0,0
749,HLA_750,0,0,2,0,0,0,0,0,0,0,0,0,0,0,0,0
750,HLA_751,0,0,2,0,0,0,0,0,0,0,0,0,0,0,0,0
751,HLA_752,0,1,0,0,0,0,0,1,0,0,0,0,0,0,0,0
752,HLA_753,0,0,1,0,0,0,1,0,0,0,0,0,0,0,0,0
753,HLA_754,0,0,1,0,0,0,1,0,0,0,0,0,0,0,0,0
754,HLA_755,0,0,0,0,0,0,1,1,0,0,0,0,0,0,0,0
755,HLA_756,2,0,0,0,0,0,0,0,0,0,0,0,0,0,0,0
756,HLA_757,0,0,0,0,1,0,0,0,0,1,0,0,0,0,0,0
757,HLA_758,0,0,1,0,1,0,0,0,0,0,0,0,0,0,0,0
758,HLA_759,0,0,1,0,0,0,0,0,0,0,0,0,1,0,0,0
759,HLA_760,0,0,1,0,0,0,0,1,0,0,0,0,0,0,0,0
760,HLA_761,0,0,2,0,0,0,0,0,0,0,0,0,0,0,0,0
761,HLA_762,1,0,0,1,0,0,0,0,0,0,0,0,0,0,0,0
762,HLA_763,1,0,0,1,0,0,0,0,0,0,0,0,0,0,0,0
763,HLA_764,0,0,0,0,0,1,0,0,0,0,0,1,0,0,0,0
764,HLA_765,1,0,0,0,1,0,0,0,0,0,0,0,0,0,0,0
765,HLA_766,0,0,0,0,1,0,0,1,0,0,0,0,0,0,0,0
766,HLA_767,0,1,0,1,0,0,0,0,0,0,0,0,0,0,0,0
767,HLA_768,0,0,0,1,0,1,0,0,0,0,0,0,0,0,0,0
768,HLA_769,0,0,0,0,2,0,0,0,0,0,0,0,0,0,0,0
769,HLA_770,0,0,1,0,0,1,0,0,0,0,0,0,0,0,0,0
770,HLA_771,0,0,0,1,0,0,0,0,1,0,0,0,0,0,0,0
771,HLA_772,0,0,0,1,1,0,0,0,0,0,0,0,0,0,0,0
772,HLA_773,0,0,1,0,0,0,1,0,0,0,0,0,0,0,0,0
773,HLA_774,0,1,1,0,0,0,0,0,0,0,0,0,0,0,0,0
774,HLA_775,0,0,2,0,0,0,0,0,0,0,0,0,0,0,0,0
775,HLA_776,1,0,0,0,0,0,0,0,1,0,0,0,0,0,0,0
776,HLA_777,0,0,1,0,0,0,0,0,1,0,0,0,0,0,0,0
777,HLA_778,0,0,0,0,0,0,1,0,0,0,0,0,0,1,0,0
778,HLA_779,0,0,2,0,0,0,0,0,0,0,0,0,0,0,0,0
779,HLA_780,0,1,1,0,0,0,0,0,0,0,0,0,0,0,0,0
780,HLA_781,0,0,0,0,0,1,0,0,0,0,0,1,0,0,0,0
781,HLA_782,0,0,2,0,0,0,0,0,0,0,0,0,0,0,0,0
782,HLA_783,0,0,2,0,0,0,0,0,0,0,0,0,0,0,0,0
783,HLA_784,0,1,0,0,0,1,0,0,0,0,0,0,0,0,0,0
784,HLA_785,1,0,1,0,0,0,0,0,0,0,0,0,0,0,0,0
785,HLA_786,0,0,0,1,0,0,0,0,0,0,0,0,0,1,0,0
786,HLA_787,2,0,0,0,0,0,0,0,0,0,0,0,0,0,0,0
787,HLA_788,0,0,0,0,1,1,0,0,0,0,0,0,0,0,0,0
788,HLA_789,0,1,0,0,1,0,0,0,0,0,0,0,0,0,0,0
789,HLA_790,0,0,1,0,0,0,1,0,0,0,0,0,0,0,0,0
790,HLA_791,1,0,0,0,0,1,0,0,0,0,0,0,0,0,0,0
791,HLA_792,2,0,0,0,0,0,0,0,0,0,0,0,0,0,0,0
792,HLA_793,0,0,1,0,0,0,1,0,0,0,0,0,0,0,0,0
793,HLA_794,1,0,0,0,0,0,0,0,1,0,0,0,0,0,0,0
794,HLA_795,0,0,0,0,0,0,0,0,1,0,0,1,0,0,0,0
795,HLA_796,0,0,1,0,1,0,0,0,0,0,0,0,0,0,0,0
796,HLA_797,0,0,1,0,0,0,0,0,0,0,0,1,0,0,0,0
797,HLA_798,0,1,0,1,0,0,0,0,0,0,0,0,0,0,0,0
798,HLA_799,0,1,0,0,0,0,0,0,1,0,0,0,0,0,0,0
799,HLA_800,0,0,0,0,2,0,0,0,0,0,0,0,0,0,0,0
800,HLA_801,0,0,1,0,1,0,0,0,0,0,0,0,0,0,0,0
801,HLA_802,0,0,0,1,0,1,0,0,0,0,0,0,0,0,0,0
802,HLA_803,0,1,0,1,0,0,0,0,0,0,0,0,0,0,0,0
803,HLA_804,0,0,2,0,0,0,0,0,0,0,0,0,0,0,0,0
804,HLA_805,0,0,1,0,0,1,0,0,0,0,0,0,0,0,0,0
805,HLA_806,0,1,1,0,0,0,0,0,0,0,0,0,0,0,0,0
806,HLA_807,0,0,0,1,0,0,0,1,0,0,0,0,0,0,0,0
807,HLA_808,0,0,1,0,0,0,1,0,0,0,0,0,0,0,0,0
808,HLA_809,0,0,0,1,0,0,1,0,0,0,0,0,0,0,0,0
809,HLA_810,1,0,0,0,1,0,0,0,0,0,0,0,0,0,0,0
810,HLA_811,0,0,1,0,0,0,0,0,0,0,0,0,1,0,0,0
811,HLA_812,0,0,1,0,0,0,0,1,0,0,0,0,0,0,0,0
812,HLA_813,0,0,0,1,0,0,1,0,0,0,0,0,0,0,0,0
813,HLA_814,0,1,0,0,0,0,0,0,1,0,0,0,0,0,0,0
814,HLA_815,0,1,0,0,0,0,1,0,0,0,0,0,0,0,0,0
815,HLA_816,0,0,0,0,1,1,0,0,0,0,0,0,0,0,0,0
816,HLA_817,1,0,0,0,0,1,0,0,0,0,0,0,0,0,0,0
817,HLA_818,0,0,0,1,0,0,0,0,0,0,0,0,0,1,0,0
818,HLA_819,0,0,0,1,0,0,1,0,0,0,0,0,0,0,0,0
819,HLA_820,0,0,2,0,0,0,0,0,0,0,0,0,0,0,0,0
820,HLA_821,1,0,1,0,0,0,0,0,0,0,0,0,0,0,0,0
821,HLA_822,1,0,0,0,0,0,1,0,0,0,0,0,0,0,0,0
822,HLA_823,1,0,0,0,0,0,1,0,0,0,0,0,0,0,0,0
823,HLA_824,1,0,1,0,0,0,0,0,0,0,0,0,0,0,0,0
824,HLA_825,0,1,0,0,1,0,0,0,0,0,0,0,0,0,0,0
825,HLA_826,0,0,0,0,1,0,0,1,0,0,0,0,0,0,0,0
826,HLA_827,0,0,1,0,0,0,0,0,0,0,0,1,0,0,0,0
827,HLA_828,0,0,0,1,0,1,0,0,0,0,0,0,0,0,0,0
828,HLA_829,0,1,0,0,0,0,1,0,0,0,0,0,0,0,0,0
829,HLA_830,0,1,0,0,1,0,0,0,0,0,0,0,0,0,0,0
830,HLA_831,0,1,0,0,0,0,0,1,0,0,0,0,0,0,0,0
831,HLA_832,0,0,0,0,1,1,0,0,0,0,0,0,0,0,0,0
832,HLA_833,0,0,1,0,0,0,1,0,0,0,0,0,0,0,0,0
833,HLA_834,1,0,0,0,1,0,0,0,0,0,0,0,0,0,0,0
834,HLA_835,0,0,0,0,0,0,0,0,0,0,0,2,0,0,0,0
835,HLA_836,0,0,1,0,1,0,0,0,0,0,0,0,0,0,0,0
836,HLA_837,0,0,1,0,0,0,1,0,0,0,0,0,0,0,0,0
837,HLA_838,2,0,0,0,0,0,0,0,0,0,0,0,0,0,0,0
838,HLA_839,1,0,0,0,0,0,0,0,0,0,0,0,0,1,0,0
839,HLA_840,0,0,1,0,0,0,1,0,0,0,0,0,0,0,0,0
840,HLA_841,1,0,1,0,0,0,0,0,0,0,0,0,0,0,0,0
841,HLA_842,0,0,1,0,1,0,0,0,0,0,0,0,0,0,0,0
842,HLA_843,0,0,1,0,1,0,0,0,0,0,0,0,0,0,0,0
843,HLA_844,0,0,0,0,1,0,0,1,0,0,0,0,0,0,0,0
844,HLA_845,1,0,0,0,0,0,0,1,0,0,0,0,0,0,0,0
845,HLA_846,0,1,1,0,0,0,0,0,0,0,0,0,0,0,0,0
846,HLA_847,0,0,1,0,0,0,0,0,0,0,0,0,0,1,0,0
847,HLA_848,1,0,0,0,0,1,0,0,0,0,0,0,0,0,0,0
848,HLA_849,0,0,0,0,1,0,0,0,0,0,0,0,0,1,0,0
849,HLA_850,0,0,2,0,0,0,0,0,0,0,0,0,0,0,0,0
850,HLA_851,0,0,1,0,0,0,0,1,0,0,0,0,0,0,0,0
851,HLA_852,1,0,0,1,0,0,0,0,0,0,0,0,0,0,0,0
852,HLA_853,1,0,0,0,0,0,0,0,0,0,0,0,0,1,0,0
853,HLA_854,0,0,0,0,1,0,0,1,0,0,0,0,0,0,0,0
854,HLA_855,0,0,1,0,0,0,1,0,0,0,0,0,0,0,0,0
855,HLA_856,0,1,0,1,0,0,0,0,0,0,0,0,0,0,0,0
856,HLA_857,0,0,0,0,1,0,1,0,0,0,0,0,0,0,0,0
857,HLA_858,0,0,0,0,1,0,0,1,0,0,0,0,0,0,0,0
858,HLA_859,0,0,0,0,1,0,1,0,0,0,0,0,0,0,0,0
859,HLA_860,1,0,0,1,0,0,0,0,0,0,0,0,0,0,0,0
860,HLA_861,0,0,0,0,1,0,0,0,0,0,0,0,0,1,0,0
861,HLA_862,0,0,1,0,0,1,0,0,0,0,0,0,0,0,0,0
862,HLA_863,1,0,0,0,0,1,0,0,0,0,0,0,0,0,0,0
863,HLA_864,0,0,0,0,0,0,0,1,0,0,1,0,0,0,0,0
864,HLA_865,0,0,0,0,0,1,1,0,0,0,0,0,0,0,0,0
865,HLA_866,0,0,1,0,0,0,0,0,0,0,0,0,0,1,0,0
866,HLA_867,1,0,0,0,0,0,0,1,0,0,0,0,0,0,0,0
867,HLA_868,0,0,1,0,0,0,0,0,0,1,0,0,0,0,0,0
868,HLA_869,0,0,1,0,0,0,1,0,0,0,0,0,0,0,0,0
869,HLA_870,0,0,0,0,0,1,0,0,0,0,0,0,1,0,0,0
870,HLA_871,0,0,1,0,0,0,1,0,0,0,0,0,0,0,0,0
871,HLA_872,0,0,1,0,0,0,0,1,0,0,0,0,0,0,0,0
872,HLA_873,1,0,0,0,0,1,0,0,0,0,0,0,0,0,0,0
873,HLA_874,0,0,1,0,0,0,0,0,0,0,0,1,0,0,0,0
874,HLA_875,0,0,1,0,0,0,0,1,0,0,0,0,0,0,0,0
875,HLA_876,0,1,0,0,0,1,0,0,0,0,0,0,0,0,0,0
876,HLA_877,0,0,0,0,1,0,0,0,1,0,0,0,0,0,0,0
877,HLA_878,0,0,0,0,0,0,1,1,0,0,0,0,0,0,0,0
878,HLA_879,0,0,1,0,0,0,0,1,0,0,0,0,0,0,0,0
879,HLA_880,0,0,1,0,0,0,1,0,0,0,0,0,0,0,0,0
880,HLA_881,1,0,1,0,0,0,0,0,0,0,0,0,0,0,0,0
881,HLA_882,0,0,1,0,0,0,0,1,0,0,0,0,0,0,0,0
882,HLA_883,0,0,1,1,0,0,0,0,0,0,0,0,0,0,0,0
883,HLA_884,0,1,1,0,0,0,0,0,0,0,0,0,0,0,0,0
884,HLA_885,1,1,0,0,0,0,0,0,0,0,0,0,0,0,0,0
885,HLA_886,0,0,0,1,0,0,1,0,0,0,0,0,0,0,0,0
886,HLA_887,0,1,0,0,0,0,0,0,0,1,0,0,0,0,0,0
887,HLA_888,0,0,0,0,0,1,0,1,0,0,0,0,0,0,0,0
888,HLA_889,0,1,1,0,0,0,0,0,0,0,0,0,0,0,0,0
889,HLA_890,0,0,2,0,0,0,0,0,0,0,0,0,0,0,0,0
890,HLA_891,0,0,0,0,0,0,0,0,1,1,0,0,0,0,0,0
891,HLA_892,0,1,0,0,0,0,1,0,0,0,0,0,0,0,0,0
892,HLA_893,0,0,0,2,0,0,0,0,0,0,0,0,0,0,0,0
893,HLA_894,0,0,0,0,0,1,0,0,1,0,0,0,0,0,0,0
894,HLA_895,0,0,0,0,2,0,0,0,0,0,0,0,0,0,0,0
895,HLA_896,0,0,1,0,1,0,0,0,0,0,0,0,0,0,0,0
896,HLA_897,1,0,0,0,0,0,0,0,0,0,0,1,0,0,0,0
897,HLA_898,1,0,0,0,1,0,0,0,0,0,0,0,0,0,0,0
898,HLA_899,0,0,0,0,2,0,0,0,0,0,0,0,0,0,0,0
899,HLA_900,1,0,1,0,0,0,0,0,0,0,0,0,0,0,0,0
900,HLA_901,1,0,1,0,0,0,0,0,0,0,0,0,0,0,0,0
901,HLA_902,1,0,0,1,0,0,0,0,0,0,0,0,0,0,0,0
902,HLA_903,0,0,1,0,1,0,0,0,0,0,0,0,0,0,0,0
903,HLA_904,0,0,0,0,1,0,1,0,0,0,0,0,0,0,0,0
904,HLA_905,0,0,0,0,1,0,0,1,0,0,0,0,0,0,0,0
905,HLA_906,0,0,1,0,0,0,0,1,0,0,0,0,0,0,0,0
906,HLA_907,0,0,1,0,1,0,0,0,0,0,0,0,0,0,0,0
907,HLA_908,1,0,0,0,1,0,0,0,0,0,0,0,0,0,0,0
908,HLA_909,0,0,1,0,1,0,0,0,0,0,0,0,0,0,0,0
909,HLA_910,0,0,1,0,1,0,0,0,0,0,0,0,0,0,0,0
910,HLA_911,0,0,1,0,1,0,0,0,0,0,0,0,0,0,0,0
911,HLA_912,0,0,0,0,1,1,0,0,0,0,0,0,0,0,0,0
912,HLA_913,0,0,1,0,0,1,0,0,0,0,0,0,0,0,0,0
913,HLA_914,0,0,2,0,0,0,0,0,0,0,0,0,0,0,0,0
914,HLA_915,0,0,1,0,0,0,0,1,0,0,0,0,0,0,0,0
915,HLA_916,0,1,1,0,0,0,0,0,0,0,0,0,0,0,0,0
916,HLA_917,1,0,0,0,0,0,0,0,0,0,0,0,0,1,0,0
917,HLA_918,0,2,0,0,0,0,0,0,0,0,0,0,0,0,0,0
918,HLA_919,0,0,1,0,0,0,0,0,0,0,0,0,0,1,0,0
919,HLA_920,0,1,0,1,0,0,0,0,0,0,0,0,0,0,0,0
920,HLA_921,0,0,0,0,0,1,0,0,0,1,0,0,0,0,0,0
921,HLA_922,0,0,2,0,0,0,0,0,0,0,0,0,0,0,0,0
922,HLA_923,0,0,1,0,0,0,1,0,0,0,0,0,0,0,0,0
923,HLA_924,0,0,1,0,0,0,0,0,0,0,0,0,1,0,0,0
924,HLA_925,0,0,1,0,0,0,0,0,0,0,0,0,0,0,1,0
925,HLA_926,1,0,1,0,0,0,0,0,0,0,0,0,0,0,0,0
926,HLA_927,1,1,0,0,0,0,0,0,0,0,0,0,0,0,0,0
927,HLA_928,0,2,0,0,0,0,0,0,0,0,0,0,0,0,0,0
928,HLA_929,0,0,1,1,0,0,0,0,0,0,0,0,0,0,0,0
929,HLA_930,0,1,0,1,0,0,0,0,0,0,0,0,0,0,0,0
930,HLA_931,0,0,0,1,1,0,0,0,0,0,0,0,0,0,0,0
931,HLA_932,0,0,2,0,0,0,0,0,0,0,0,0,0,0,0,0
932,HLA_933,0,0,0,0,0,0,0,2,0,0,0,0,0,0,0,0
933,HLA_934,0,0,0,0,1,1,0,0,0,0,0,0,0,0,0,0
934,HLA_935,0,0,0,1,1,0,0,0,0,0,0,0,0,0,0,0
935,HLA_936,0,0,0,0,0,0,2,0,0,0,0,0,0,0,0,0
936,HLA_937,0,0,1,0,0,0,1,0,0,0,0,0,0,0,0,0
937,HLA_938,0,0,0,1,0,0,0,1,0,0,0,0,0,0,0,0
938,HLA_939,0,0,0,0,1,0,0,0,1,0,0,0,0,0,0,0
939,HLA_940,0,1,0,1,0,0,0,0,0,0,0,0,0,0,0,0
940,HLA_941,0,0,1,0,1,0,0,0,0,0,0,0,0,0,0,0
941,HLA_942,1,0,0,0,0,0,0,0,1,0,0,0,0,0,0,0
942,HLA_943,1,0,0,0,0,0,1,0,0,0,0,0,0,0,0,0
943,HLA_944,0,0,0,0,1,1,0,0,0,0,0,0,0,0,0,0
944,HLA_945,1,1,0,0,0,0,0,0,0,0,0,0,0,0,0,0
945,HLA_946,0,0,1,0,0,0,1,0,0,0,0,0,0,0,0,0
946,HLA_947,0,0,1,0,0,0,0,0,0,0,0,1,0,0,0,0
947,HLA_948,0,0,1,1,0,0,0,0,0,0,0,0,0,0,0,0
948,HLA_949,0,0,1,0,0,0,1,0,0,0,0,0,0,0,0,0
949,HLA_950,0,0,0,0,0,1,0,0,0,0,0,1,0,0,0,0
950,HLA_951,0,0,0,0,1,1,0,0,0,0,0,0,0,0,0,0
951,HLA_952,1,1,0,0,0,0,0,0,0,0,0,0,0,0,0,0
952,HLA_953,1,0,0,0,1,0,0,0,0,0,0,0,0,0,0,0
953,HLA_954,0,1,0,1,0,0,0,0,0,0,0,0,0,0,0,0
954,HLA_955,0,0,1,0,0,0,1,0,0,0,0,0,0,0,0,0
955,HLA_956,0,0,0,1,1,0,0,0,0,0,0,0,0,0,0,0
956,HLA_957,0,0,0,0,0,1,0,0,0,0,0,1,0,0,0,0
957,HLA_958,0,0,1,0,0,0,0,0,0,0,0,0,0,1,0,0
958,HLA_959,0,0,2,0,0,0,0,0,0,0,0,0,0,0,0,0
959,HLA_960,0,0,1,1,0,0,0,0,0,0,0,0,0,0,0,0
960,HLA_961,1,0,1,0,0,0,0,0,0,0,0,0,0,0,0,0
961,HLA_962,0,0,1,0,0,0,0,1,0,0,0,0,0,0,0,0
962,HLA_963,0,0,2,0,0,0,0,0,0,0,0,0,0,0,0,0
963,HLA_964,0,1,0,0,1,0,0,0,0,0,0,0,0,0,0,0
964,HLA_965,1,0,0,0,0,0,0,0,0,1,0,0,0,0,0,0
965,HLA_966,0,0,0,0,1,0,0,1,0,0,0,0,0,0,0,0
966,HLA_967,1,0,0,0,1,0,0,0,0,0,0,0,0,0,0,0
967,HLA_968,1,0,1,0,0,0,0,0,0,0,0,0,0,0,0,0
968,HLA_969,0,0,1,0,0,1,0,0,0,0,0,0,0,0,0,0
969,HLA_970,0,0,0,0,0,0,2,0,0,0,0,0,0,0,0,0
970,HLA_971,0,0,1,0,0,0,1,0,0,0,0,0,0,0,0,0
971,HLA_972,0,0,1,0,0,0,0,0,0,0,0,0,0,1,0,0
972,HLA_973,0,0,0,0,2,0,0,0,0,0,0,0,0,0,0,0
973,HLA_974,0,2,0,0,0,0,0,0,0,0,0,0,0,0,0,0
974,HLA_975,0,0,1,0,1,0,0,0,0,0,0,0,0,0,0,0
975,HLA_976,0,0,1,0,0,0,0,1,0,0,0,0,0,0,0,0
976,HLA_977,1,0,0,0,0,0,0,1,0,0,0,0,0,0,0,0
977,HLA_978,0,0,0,0,0,1,0,0,0,0,0,0,0,1,0,0
978,HLA_979,0,0,1,1,0,0,0,0,0,0,0,0,0,0,0,0
979,HLA_980,0,1,0,0,1,0,0,0,0,0,0,0,0,0,0,0
980,HLA_981,1,0,1,0,0,0,0,0,0,0,0,0,0,0,0,0
981,HLA_982,1,0,0,0,1,0,0,0,0,0,0,0,0,0,0,0
982,HLA_983,0,0,0,0,0,0,2,0,0,0,0,0,0,0,0,0
983,HLA_984,0,0,0,0,0,1,0,0,0,1,0,0,0,0,0,0
984,HLA_985,0,0,1,0,0,0,0,1,0,0,0,0,0,0,0,0
985,HLA_986,0,0,1,0,0,1,0,0,0,0,0,0,0,0,0,0
986,HLA_987,1,0,0,0,0,0,1,0,0,0,0,0,0,0,0,0
987,HLA_988,0,0,0,0,1,1,0,0,0,0,0,0,0,0,0,0
988,HLA_989,0,1,0,0,0,1,0,0,0,0,0,0,0,0,0,0
989,HLA_990,1,0,0,1,0,0,0,0,0,0,0,0,0,0,0,0
990,HLA_991,1,0,1,0,0,0,0,0,0,0,0,0,0,0,0,0
991,HLA_992,0,0,0,1,0,0,0,0,0,1,0,0,0,0,0,0
992,HLA_993,1,0,0,0,0,0,0,1,0,0,0,0,0,0,0,0
993,HLA_994,0,0,0,0,0,1,1,0,0,0,0,0,0,0,0,0
994,HLA_995,1,0,0,1,0,0,0,0,0,0,0,0,0,0,0,0
995,HLA_996,0,1,0,1,0,0,0,0,0,0,0,0,0,0,0,0
996,HLA_997,0,1,1,0,0,0,0,0,0,0,0,0,0,0,0,0
997,HLA_998,0,0,0,0,1,0,0,1,0,0,0,0,0,0,0,0
998,HLA_999,0,0,1,0,1,0,0,0,0,0,0,0,0,0,0,0
999,HLA_1000,0,1,0,0,1,0,0,0,0,0,0,0,0,0,0,0
1000,HLA_1001,0,0,1,0,1,0,0,0,0,0,0,0,0,0,0,0
1001,HLA_1002,0,0,0,0,1,0,1,0,0,0,0,0,0,0,0,0
1002,HLA_1003,1,0,0,1,0,0,0,0,0,0,0,0,0,0,0,0
1003,HLA_1004,0,0,0,0,0,1,0,0,0,0,0,1,0,0,0,0
1004,HLA_1005,1,0,0,1,0,0,0,0,0,0,0,0,0,0,0,0
1005,HLA_1006,0,0,0,0,0,0,0,1,0,0,0,1,0,0,0,0
1006,HLA_1007,0,1,0,0,0,0,0,1,0,0,0,0,0,0,0,0
1007,HLA_1008,0,0,2,0,0,0,0,0,0,0,0,0,0,0,0,0
1008,HLA_1009,0,1,0,0,0,0,0,0,0,0,0,1,0,0,0,0
1009,HLA_1010,1,0,1,0,0,0,0,0,0,0,0,0,0,0,0,0
1010,HLA_1011,0,1,1,0,0,0,0,0,0,0,0,0,0,0,0,0
1011,HLA_1012,0,0,1,0,1,0,0,0,0,0,0,0,0,0,0,0
1012,HLA_1013,2,0,0,0,0,0,0,0,0,0,0,0,0,0,0,0
1013,HLA_1014,0,0,1,0,0,0,0,0,0,0,0,0,0,1,0,0
1014,HLA_1015,0,0,0,0,2,0,0,0,0,0,0,0,0,0,0,0
1015,HLA_1016,0,0,0,1,0,0,0,0,0,0,0,0,0,1,0,0
1016,HLA_1017,1,0,0,1,0,0,0,0,0,0,0,0,0,0,0,0
1017,HLA_1018,0,0,0,2,0,0,0,0,0,0,0,0,0,0,0,0
1018,HLA_1019,0,0,1,0,1,0,0,0,0,0,0,0,0,0,0,0
1019,HLA_1020,0,1,0,0,1,0,0,0,0,0,0,0,0,0,0,0
1020,HLA_1021,0,1,0,0,0,0,1,0,0,0,0,0,0,0,0,0
1021,HLA_1022,0,0,1,0,0,0,0,1,0,0,0,0,0,0,0,0
1022,HLA_1023,0,0,1,0,0,0,0,1,0,0,0,0,0,0,0,0
1023,HLA_1024,0,0,1,0,1,0,0,0,0,0,0,0,0,0,0,0
1024,HLA_1025,0,0,0,0,2,0,0,0,0,0,0,0,0,0,0,0
1025,HLA_1026,0,1,1,0,0,0,0,0,0,0,0,0,0,0,0,0
1026,HLA_1027,0,0,1,1,0,0,0,0,0,0,0,0,0,0,0,0
1027,HLA_1028,0,0,0,0,0,0,1,0,1,0,0,0,0,0,0,0
1028,HLA_1029,1,0,1,0,0,0,0,0,0,0,0,0,0,0,0,0
1029,HLA_1030,0,0,2,0,0,0,0,0,0,0,0,0,0,0,0,0
1030,HLA_1031,0,0,2,0,0,0,0,0,0,0,0,0,0,0,0,0
1031,HLA_1032,0,0,0,1,0,0,0,1,0,0,0,0,0,0,0,0
1032,HLA_1033,0,0,0,0,1,0,0,1,0,0,0,0,0,0,0,0
1033,HLA_1034,0,0,0,2,0,0,0,0,0,0,0,0,0,0,0,0
1034,HLA_1035,0,0,0,0,0,0,1,0,0,0,0,1,0,0,0,0
1035,HLA_1036,0,0,0,0,2,0,0,0,0,0,0,0,0,0,0,0
1036,HLA_1037,0,0,0,1,1,0,0,0,0,0,0,0,0,0,0,0
1037,HLA_1038,0,0,1,0,0,0,0,1,0,0,0,0,0,0,0,0
1038,HLA_1039,0,0,2,0,0,0,0,0,0,0,0,0,0,0,0,0
1039,HLA_1040,0,1,0,0,0,0,1,0,0,0,0,0,0,0,0,0
1040,HLA_1041,0,0,1,0,0,1,0,0,0,0,0,0,0,0,0,0
1041,HLA_1042,0,0,1,0,0,0,0,1,0,0,0,0,0,0,0,0
1042,HLA_1043,0,0,0,0,0,0,0,1,0,0,0,0,0,1,0,0
1043,HLA_1044,0,1,0,0,0,0,0,1,0,0,0,0,0,0,0,0
1044,HLA_1045,1,0,0,1,0,0,0,0,0,0,0,0,0,0,0,0
1045,HLA_1046,1,0,0,0,0,0,0,0,1,0,0,0,0,0,0,0
1046,HLA_1047,1,0,0,0,0,0,1,0,0,0,0,0,0,0,0,0
1047,HLA_1048,0,1,0,1,0,0,0,0,0,0,0,0,0,0,0,0
1048,HLA_1049,1,0,0,0,0,1,0,0,0,0,0,0,0,0,0,0
1049,HLA_1050,0,0,2,0,0,0,0,0,0,0,0,0,0,0,0,0
1050,HLA_1051,1,0,0,1,0,0,0,0,0,0,0,0,0,0,0,0
1051,HLA_1052,0,0,1,0,0,0,1,0,0,0,0,0,0,0,0,0
1052,HLA_1053,0,0,2,0,0,0,0,0,0,0,0,0,0,0,0,0
1053,HLA_1054,0,0,2,0,0,0,0,0,0,0,0,0,0,0,0,0
1054,HLA_1055,0,0,2,0,0,0,0,0,0,0,0,0,0,0,0,0
1055,HLA_1056,0,0,0,1,0,0,1,0,0,0,0,0,0,0,0,0
1056,HLA_1057,0,0,2,0,0,0,0,0,0,0,0,0,0,0,0,0
1057,HLA_1058,0,0,0,1,0,0,0,1,0,0,0,0,0,0,0,0
1058,HLA_1059,0,0,1,0,0,0,0,0,1,0,0,0,0,0,0,0
1059,HLA_1060,0,0,2,0,0,0,0,0,0,0,0,0,0,0,0,0
1060,HLA_1061,0,1,1,0,0,0,0,0,0,0,0,0,0,0,0,0
1061,HLA_1062,0,0,1,0,0,0,0,1,0,0,0,0,0,0,0,0
1062,HLA_1063,1,0,0,1,0,0,0,0,0,0,0,0,0,0,0,0
1063,HLA_1064,0,0,1,0,0,0,0,0,0,1,0,0,0,0,0,0
1064,HLA_1065,1,0,0,0,0,0,0,0,0,1,0,0,0,0,0,0
1065,HLA_1066,1,0,0,0,1,0,0,0,0,0,0,0,0,0,0,0
1066,HLA_1067,0,1,1,0,0,0,0,0,0,0,0,0,0,0,0,0
1067,HLA_1068,0,1,0,0,0,0,0,0,0,1,0,0,0,0,0,0
1068,HLA_1069,0,0,1,1,0,0,0,0,0,0,0,0,0,0,0,0
1069,HLA_1070,0,0,1,0,0,1,0,0,0,0,0,0,0,0,0,0
1070,HLA_1071,1,0,0,0,0,1,0,0,0,0,0,0,0,0,0,0
1071,HLA_1072,0,1,0,0,0,0,0,0,0,0,0,0,0,1,0,0
1072,HLA_1073,1,0,1,0,0,0,0,0,0,0,0,0,0,0,0,0
1073,HLA_1074,0,0,0,0,0,0,1,1,0,0,0,0,0,0,0,0
1074,HLA_1075,0,0,1,0,0,0,0,0,0,1,0,0,0,0,0,0
1075,HLA_1076,0,0,0,0,0,1,1,0,0,0,0,0,0,0,0,0
1076,HLA_1077,1,0,0,0,0,0,0,0,1,0,0,0,0,0,0,0
1077,HLA_1078,1,0,0,0,0,0,1,0,0,0,0,0,0,0,0,0
1078,HLA_1079,0,2,0,0,0,0,0,0,0,0,0,0,0,0,0,0
1079,HLA_1080,0,0,1,0,0,0,0,1,0,0,0,0,0,0,0,0
1080,HLA_1081,0,0,0,0,0,1,0,1,0,0,0,0,0,0,0,0
1081,HLA_1082,2,0,0,0,0,0,0,0,0,0,0,0,0,0,0,0
1082,HLA_1083,0,0,0,0,1,0,0,0,1,0,0,0,0,0,0,0
1083,HLA_1084,0,0,2,0,0,0,0,0,0,0,0,0,0,0,0,0
1084,HLA_1085,0,0,2,0,0,0,0,0,0,0,0,0,0,0,0,0
1085,HLA_1086,0,0,1,0,0,0,0,0,0,0,0,0,0,0,1,0
1086,HLA_1087,0,0,2,0,0,0,0,0,0,0,0,0,0,0,0,0
1087,HLA_1088,0,0,1,0,0,0,0,1,0,0,0,0,0,0,0,0
1088,HLA_1089,0,1,1,0,0,0,0,0,0,0,0,0,0,0,0,0
1089,HLA_1090,0,0,1,0,0,0,0,0,0,0,0,0,0,0,1,0
1090,HLA_1091,0,0,0,0,1,0,1,0,0,0,0,0,0,0,0,0
1091,HLA_1092,0,1,0,0,0,0,0,0,1,0,0,0,0,0,0,0
1092,HLA_1093,1,0,0,0,1,0,0,0,0,0,0,0,0,0,0,0
1093,HLA_1094,0,0,1,0,1,0,0,0,0,0,0,0,0,0,0,0
1094,HLA_1095,0,0,1,0,0,0,0,1,0,0,0,0,0,0,0,0
1095,HLA_1096,1,0,0,0,1,0,0,0,0,0,0,0,0,0,0,0
1096,HLA_1097,0,0,1,0,0,0,0,0,0,0,0,0,0,1,0,0
1097,HLA_1098,0,0,0,0,0,1,1,0,0,0,0,0,0,0,0,0
1098,HLA_1099,1,0,1,0,0,0,0,0,0,0,0,0,0,0,0,0
1099,HLA_1100,0,1,0,0,0,0,1,0,0,0,0,0,0,0,0,0
1100,HLA_1101,0,0,2,0,0,0,0,0,0,0,0,0,0,0,0,0
1101,HLA_1102,1,0,0,1,0,0,0,0,0,0,0,0,0,0,0,0
1102,HLA_1103,0,0,2,0,0,0,0,0,0,0,0,0,0,0,0,0
1103,HLA_1104,0,0,1,0,0,0,0,1,0,0,0,0,0,0,0,0
1104,HLA_1105,0,0,1,0,0,1,0,0,0,0,0,0,0,0,0,0
1105,HLA_1106,0,0,2,0,0,0,0,0,0,0,0,0,0,0,0,0
1106,HLA_1107,0,1,1,0,0,0,0,0,0,0,0,0,0,0,0,0
1107,HLA_1108,0,0,1,0,0,0,1,0,0,0,0,0,0,0,0,0
1108,HLA_1109,1,0,1,0,0,0,0,0,0,0,0,0,0,0,0,0
1109,HLA_1110,0,0,2,0,0,0,0,0,0,0,0,0,0,0,0,0
1110,HLA_1111,0,0,1,0,0,0,0,0,0,1,0,0,0,0,0,0
1111,HLA_1112,0,0,1,0,0,0,0,0,0,0,0,1,0,0,0,0
1112,HLA_1113,0,0,0,2,0,0,0,0,0,0,0,0,0,0,0,0
1113,HLA_1114,0,0,0,1,0,0,1,0,0,0,0,0,0,0,0,0
1114,HLA_1115,0,1,1,0,0,0,0,0,0,0,0,0,0,0,0,0
1115,HLA_1116,0,1,1,0,0,0,0,0,0,0,0,0,0,0,0,0
1116,HLA_1117,0,0,1,0,0,0,0,1,0,0,0,0,0,0,0,0
1117,HLA_1118,0,0,0,0,1,0,1,0,0,0,0,0,0,0,0,0
1118,HLA_1119,0,0,1,0,0,0,0,1,0,0,0,0,0,0,0,0
1119,HLA_1120,0,1,0,0,0,0,1,0,0,0,0,0,0,0,0,0
1120,HLA_1121,0,0,1,0,1,0,0,0,0,0,0,0,0,0,0,0
1121,HLA_1122,0,0,2,0,0,0,0,0,0,0,0,0,0,0,0,0
1122,HLA_1123,0,0,1,0,0,0,1,0,0,0,0,0,0,0,0,0
1123,HLA_1124,0,0,0,0,0,1,1,0,0,0,0,0,0,0,0,0
1124,HLA_1125,0,0,2,0,0,0,0,0,0,0,0,0,0,0,0,0
1125,HLA_1126,0,0,0,1,1,0,0,0,0,0,0,0,0,0,0,0
1126,HLA_1127,0,0,1,0,0,0,0,0,0,0,0,0,0,1,0,0
1127,HLA_1128,0,0,2,0,0,0,0,0,0,0,0,0,0,0,0,0
1128,HLA_1129,1,0,1,0,0,0,0,0,0,0,0,0,0,0,0,0
1129,HLA_1130,1,0,1,0,0,0,0,0,0,0,0,0,0,0,0,0
1130,HLA_1131,0,0,1,0,1,0,0,0,0,0,0,0,0,0,0,0
1131,HLA_1132,0,0,1,1,0,0,0,0,0,0,0,0,0,0,0,0
1132,HLA_1133,1,0,0,0,0,0,1,0,0,0,0,0,0,0,0,0
1133,HLA_1134,0,0,1,0,1,0,0,0,0,0,0,0,0,0,0,0
1134,HLA_1135,0,0,0,0,0,1,0,1,0,0,0,0,0,0,0,0
1135,HLA_1136,0,1,0,0,0,1,0,0,0,0,0,0,0,0,0,0
1136,HLA_1137,0,0,0,0,1,0,0,0,0,0,0,0,0,1,0,0
1137,HLA_1138,0,0,0,0,0,1,0,0,1,0,0,0,0,0,0,0
1138,HLA_1139,0,0,0,1,0,1,0,0,0,0,0,0,0,0,0,0
1139,HLA_1140,0,0,1,0,0,0,0,0,1,0,0,0,0,0,0,0
1140,HLA_1141,0,0,0,1,0,0,1,0,0,0,0,0,0,0,0,0
1141,HLA_1142,0,0,0,1,0,0,1,0,0,0,0,0,0,0,0,0
1142,HLA_1143,0,0,1,0,0,0,0,0,0,0,0,0,0,1,0,0
1143,HLA_1144,0,0,1,0,1,0,0,0,0,0,0,0,0,0,0,0
1144,HLA_1145,0,0,0,1,0,0,1,0,0,0,0,0,0,0,0,0
1145,HLA_1146,0,0,0,0,1,0,0,0,0,0,0,0,0,1,0,0
1146,HLA_1147,0,0,0,1,0,0,0,0,1,0,0,0,0,0,0,0
1147,HLA_1148,0,1,0,0,0,0,0,0,1,0,0,0,0,0,0,0
1148,HLA_1149,0,0,1,0,1,0,0,0,0,0,0,0,0,0,0,0
1149,HLA_1150,0,0,0,1,1,0,0,0,0,0,0,0,0,0,0,0
1150,HLA_1151,0,0,0,0,1,0,0,0,0,1,0,0,0,0,0,0
1151,HLA_1152,0,0,2,0,0,0,0,0,0,0,0,0,0,0,0,0
1152,HLA_1153,1,0,0,0,0,0,1,0,0,0,0,0,0,0,0,0
1153,HLA_1154,0,1,0,0,0,0,0,1,0,0,0,0,0,0,0,0
1154,HLA_1155,0,0,0,0,0,1,0,0,0,1,0,0,0,0,0,0
1155,HLA_1156,0,0,2,0,0,0,0,0,0,0,0,0,0,0,0,0
1156,HLA_1157,0,0,2,0,0,0,0,0,0,0,0,0,0,0,0,0
1157,HLA_1158,0,1,0,0,0,0,0,0,0,1,0,0,0,0,0,0
1158,HLA_1159,0,0,0,0,1,0,0,0,0,0,0,0,0,0,1,0
1159,HLA_1160,0,0,0,0,2,0,0,0,0,0,0,0,0,0,0,0
1160,HLA_1161,0,1,0,0,0,0,1,0,0,0,0,0,0,0,0,0
1161,HLA_1162,0,1,0,1,0,0,0,0,0,0,0,0,0,0,0,0
1162,HLA_1163,0,0,0,1,0,0,0,0,1,0,0,0,0,0,0,0
1163,HLA_1164,0,0,1,0,0,1,0,0,0,0,0,0,0,0,0,0
1164,HLA_1165,1,1,0,0,0,0,0,0,0,0,0,0,0,0,0,0
1165,HLA_1166,0,0,0,0,0,0,0,1,0,0,0,1,0,0,0,0
1166,HLA_1167,1,0,1,0,0,0,0,0,0,0,0,0,0,0,0,0
1167,HLA_1168,0,1,0,0,0,0,1,0,0,0,0,0,0,0,0,0
1168,HLA_1169,0,0,1,0,0,0,1,0,0,0,0,0,0,0,0,0
1169,HLA_1170,0,0,1,0,0,0,1,0,0,0,0,0,0,0,0,0
1170,HLA_1171,0,0,0,0,0,1,0,0,1,0,0,0,0,0,0,0
1171,HLA_1172,0,0,1,1,0,0,0,0,0,0,0,0,0,0,0,0
1172,HLA_1173,0,0,2,0,0,0,0,0,0,0,0,0,0,0,0,0
1173,HLA_1174,0,1,0,0,0,0,1,0,0,0,0,0,0,0,0,0
1174,HLA_1175,0,0,0,0,0,0,2,0,0,0,0,0,0,0,0,0
1175,HLA_1176,0,2,0,0,0,0,0,0,0,0,0,0,0,0,0,0
1176,HLA_1177,0,1,0,0,1,0,0,0,0,0,0,0,0,0,0,0
1177,HLA_1178,0,0,1,0,0,0,0,0,0,0,0,1,0,0,0,0
1178,HLA_1179,0,1,0,1,0,0,0,0,0,0,0,0,0,0,0,0
1179,HLA_1180,1,0,1,0,0,0,0,0,0,0,0,0,0,0,0,0
1180,HLA_1181,1,0,0,0,0,1,0,0,0,0,0,0,0,0,0,0
1181,HLA_1182,0,0,0,1,1,0,0,0,0,0,0,0,0,0,0,0
1182,HLA_1183,0,0,0,0,0,0,1,0,0,0,0,0,0,1,0,0
1183,HLA_1184,1,0,0,0,1,0,0,0,0,0,0,0,0,0,0,0
1184,HLA_1185,0,0,0,1,1,0,0,0,0,0,0,0,0,0,0,0
1185,HLA_1186,0,0,0,0,1,0,0,0,0,0,0,1,0,0,0,0
1186,HLA_1187,0,0,0,0,0,0,0,0,0,1,0,0,0,1,0,0
1187,HLA_1188,0,0,1,0,0,0,0,0,0,0,0,1,0,0,0,0
1188,HLA_1189,0,0,0,0,1,0,0,0,0,1,0,0,0,0,0,0
1189,HLA_1190,0,0,1,0,1,0,0,0,0,0,0,0,0,0,0,0
1190,HLA_1191,0,1,0,0,0,0,0,0,0,0,0,0,0,1,0,0
1191,HLA_1192,0,0,0,0,0,0,1,0,0,0,0,1,0,0,0,0
1192,HLA_1193,0,0,0,0,2,0,0,0,0,0,0,0,0,0,0,0
1193,HLA_1194,0,0,0,2,0,0,0,0,0,0,0,0,0,0,0,0
1194,HLA_1195,0,0,0,0,0,1,0,0,1,0,0,0,0,0,0,0
1195,HLA_1196,2,0,0,0,0,0,0,0,0,0,0,0,0,0,0,0
1196,HLA_1197,0,0,1,0,0,0,0,0,1,0,0,0,0,0,0,0
1197,HLA_1198,0,0,0,1,0,1,0,0,0,0,0,0,0,0,0,0
1198,HLA_1199,0,1,0,0,0,1,0,0,0,0,0,0,0,0,0,0
1199,HLA_1200,0,0,0,0,0,1,0,0,0,0,0,0,1,0,0,0
1200,HLA_1201,0,0,1,0,0,0,0,0,0,0,0,0,1,0,0,0
1201,HLA_1202,0,0,0,0,0,0,0,1,1,0,0,0,0,0,0,0
1202,HLA_1203,0,0,0,2,0,0,0,0,0,0,0,0,0,0,0,0
1203,HLA_1204,0,1,0,0,1,0,0,0,0,0,0,0,0,0,0,0
1204,HLA_1205,0,0,1,1,0,0,0,0,0,0,0,0,0,0,0,0
1205,HLA_1206,0,0,1,0,1,0,0,0,0,0,0,0,0,0,0,0
1206,HLA_1207,1,1,0,0,0,0,0,0,0,0,0,0,0,0,0,0
1207,HLA_1208,0,1,0,1,0,0,0,0,0,0,0,0,0,0,0,0
1208,HLA_1209,0,0,0,0,1,0,1,0,0,0,0,0,0,0,0,0
1209,HLA_1210,0,0,1,1,0,0,0,0,0,0,0,0,0,0,0,0
1210,HLA_1211,0,1,0,0,1,0,0,0,0,0,0,0,0,0,0,0
1211,HLA_1212,0,0,1,1,0,0,0,0,0,0,0,0,0,0,0,0
1212,HLA_1213,0,0,0,0,0,1,1,0,0,0,0,0,0,0,0,0
1213,HLA_1214,1,0,0,1,0,0,0,0,0,0,0,0,0,0,0,0
1214,HLA_1215,0,0,0,0,0,1,0,1,0,0,0,0,0,0,0,0
1215,HLA_1216,0,0,1,0,0,0,1,0,0,0,0,0,0,0,0,0
1216,HLA_1217,1,0,0,0,0,0,1,0,0,0,0,0,0,0,0,0
1217,HLA_1218,1,0,0,0,0,0,0,0,1,0,0,0,0,0,0,0
1218,HLA_1219,0,0,1,0,0,1,0,0,0,0,0,0,0,0,0,0
1219,HLA_1220,0,1,0,0,0,0,1,0,0,0,0,0,0,0,0,0
1220,HLA_1221,0,0,1,0,0,0,1,0,0,0,0,0,0,0,0,0
1221,HLA_1222,0,1,0,0,1,0,0,0,0,0,0,0,0,0,0,0
1222,HLA_1223,1,0,0,0,0,1,0,0,0,0,0,0,0,0,0,0
1223,HLA_1224,0,0,1,0,0,0,1,0,0,0,0,0,0,0,0,0
1224,HLA_1225,0,1,0,1,0,0,0,0,0,0,0,0,0,0,0,0
1225,HLA_1226,0,0,1,0,0,0,1,0,0,0,0,0,0,0,0,0
1226,HLA_1227,0,0,0,0,2,0,0,0,0,0,0,0,0,0,0,0
1227,HLA_1228,0,0,1,0,0,0,1,0,0,0,0,0,0,0,0,0
1228,HLA_1229,0,0,1,0,0,1,0,0,0,0,0,0,0,0,0,0
1229,HLA_1230,0,0,2,0,0,0,0,0,0,0,0,0,0,0,0,0
1230,HLA_1231,0,0,0,1,0,0,0,0,0,0,0,0,0,1,0,0
1231,HLA_1232,0,0,2,0,0,0,0,0,0,0,0,0,0,0,0,0
1232,HLA_1233,0,0,1,0,0,0,1,0,0,0,0,0,0,0,0,0
1233,HLA_1234,0,0,0,0,0,0,0,0,2,0,0,0,0,0,0,0
1234,HLA_1235,0,0,0,0,0,1,0,1,0,0,0,0,0,0,0,0
1235,HLA_1236,0,0,0,0,0,0,0,0,0,0,1,1,0,0,0,0
1236,HLA_1237,0,0,0,1,0,0,1,0,0,0,0,0,0,0,0,0
1237,HLA_1238,0,0,0,0,0,0,1,1,0,0,0,0,0,0,0,0
1238,HLA_1239,0,0,1,0,1,0,0,0,0,0,0,0,0,0,0,0
1239,HLA_1240,0,0,0,0,2,0,0,0,0,0,0,0,0,0,0,0
1240,HLA_1241,0,0,0,1,0,0,1,0,0,0,0,0,0,0,0,0
1241,HLA_1242,1,0,0,0,0,0,0,0,0,0,0,0,0,1,0,0
1242,HLA_1243,0,0,0,1,0,0,1,0,0,0,0,0,0,0,0,0
1243,HLA_1244,0,0,1,0,0,1,0,0,0,0,0,0,0,0,0,0
1244,HLA_1245,0,0,1,0,0,1,0,0,0,0,0,0,0,0,0,0
1245,HLA_1246,0,0,1,0,1,0,0,0,0,0,0,0,0,0,0,0
1246,HLA_1247,0,0,0,1,1,0,0,0,0,0,0,0,0,0,0,0
1247,HLA_1248,0,0,0,0,0,0,0,1,1,0,0,0,0,0,0,0
1248,HLA_1249,1,0,0,0,0,0,1,0,0,0,0,0,0,0,0,0
1249,HLA_1250,0,0,0,1,1,0,0,0,0,0,0,0,0,0,0,0
1250,HLA_1251,0,0,0,1,0,1,0,0,0,0,0,0,0,0,0,0
1251,HLA_1252,0,0,0,1,0,0,0,0,1,0,0,0,0,0,0,0
1252,HLA_1253,1,0,0,1,0,0,0,0,0,0,0,0,0,0,0,0
1253,HLA_1254,1,0,1,0,0,0,0,0,0,0,0,0,0,0,0,0
1254,HLA_1255,1,1,0,0,0,0,0,0,0,0,0,0,0,0,0,0
1255,HLA_1256,1,0,0,0,0,1,0,0,0,0,0,0,0,0,0,0
1256,HLA_1257,0,0,1,0,0,0,1,0,0,0,0,0,0,0,0,0
1257,HLA_1258,0,0,1,0,0,0,1,0,0,0,0,0,0,0,0,0
1258,HLA_1259,0,0,0,0,0,0,1,0,1,0,0,0,0,0,0,0
1259,HLA_1260,0,0,0,0,1,0,0,1,0,0,0,0,0,0,0,0
1260,HLA_1261,0,0,1,0,0,0,1,0,0,0,0,0,0,0,0,0
1261,HLA_1262,0,0,1,0,1,0,0,0,0,0,0,0,0,0,0,0
1262,HLA_1263,0,0,1,0,0,0,0,1,0,0,0,0,0,0,0,0
1263,HLA_1264,0,1,0,1,0,0,0,0,0,0,0,0,0,0,0,0
1264,HLA_1265,0,1,0,0,1,0,0,0,0,0,0,0,0,0,0,0
1265,HLA_1266,0,0,0,1,0,0,1,0,0,0,0,0,0,0,0,0
1266,HLA_1267,0,0,2,0,0,0,0,0,0,0,0,0,0,0,0,0
1267,HLA_1268,0,0,1,0,1,0,0,0,0,0,0,0,0,0,0,0
1268,HLA_1269,0,0,0,0,0,0,0,1,0,0,0,1,0,0,0,0
1269,HLA_1270,0,0,0,0,1,0,0,0,0,0,0,0,0,0,1,0
1270,HLA_1271,0,0,1,0,1,0,0,0,0,0,0,0,0,0,0,0
1271,HLA_1272,0,0,1,0,1,0,0,0,0,0,0,0,0,0,0,0
1272,HLA_1273,0,0,1,1,0,0,0,0,0,0,0,0,0,0,0,0
1273,HLA_1274,2,0,0,0,0,0,0,0,0,0,0,0,0,0,0,0
1274,HLA_1275,0,0,1,0,0,0,1,0,0,0,0,0,0,0,0,0
1275,HLA_1276,0,0,2,0,0,0,0,0,0,0,0,0,0,0,0,0
1276,HLA_1277,0,0,1,0,1,0,0,0,0,0,0,0,0,0,0,0
1277,HLA_1278,0,0,0,0,0,0,0,0,0,0,0,0,2,0,0,0
1278,HLA_1279,1,0,0,0,0,0,0,1,0,0,0,0,0,0,0,0
1279,HLA_1280,1,0,1,0,0,0,0,0,0,0,0,0,0,0,0,0
1280,HLA_1281,0,0,1,0,0,0,0,1,0,0,0,0,0,0,0,0
1281,HLA_1282,0,0,1,0,0,0,1,0,0,0,0,0,0,0,0,0
1282,HLA_1283,0,0,2,0,0,0,0,0,0,0,0,0,0,0,0,0
1283,HLA_1284,0,1,0,0,0,1,0,0,0,0,0,0,0,0,0,0
1284,HLA_1285,0,1,0,0,0,0,1,0,0,0,0,0,0,0,0,0
1285,HLA_1286,0,0,1,0,0,0,0,0,1,0,0,0,0,0,0,0
1286,HLA_1287,0,1,0,0,1,0,0,0,0,0,0,0,0,0,0,0
1287,HLA_1288,0,0,1,0,0,0,0,0,0,0,0,0,1,0,0,0
1288,HLA_1289,0,1,0,0,1,0,0,0,0,0,0,0,0,0,0,0
1289,HLA_1290,0,0,0,0,0,0,0,1,0,0,0,1,0,0,0,0
1290,HLA_1291,0,0,2,0,0,0,0,0,0,0,0,0,0,0,0,0
1291,HLA_1292,1,0,1,0,0,0,0,0,0,0,0,0,0,0,0,0
1292,HLA_1293,0,0,0,0,0,2,0,0,0,0,0,0,0,0,0,0
1293,HLA_1294,0,0,0,0,1,0,0,0,0,0,0,0,0,1,0,0
1294,HLA_1295,0,1,0,0,1,0,0,0,0,0,0,0,0,0,0,0
1295,HLA_1296,0,1,0,0,0,1,0,0,0,0,0,0,0,0,0,0
1296,HLA_1297,1,0,1,0,0,0,0,0,0,0,0,0,0,0,0,0
1297,HLA_1298,0,1,0,0,0,0,0,0,1,0,0,0,0,0,0,0
1298,HLA_1299,1,1,0,0,0,0,0,0,0,0,0,0,0,0,0,0
1299,HLA_1300,0,1,0,1,0,0,0,0,0,0,0,0,0,0,0,0
1300,HLA_1301,0,0,1,1,0,0,0,0,0,0,0,0,0,0,0,0
1301,HLA_1302,1,0,0,1,0,0,0,0,0,0,0,0,0,0,0,0
1302,HLA_1303,0,0,2,0,0,0,0,0,0,0,0,0,0,0,0,0
1303,HLA_1304,0,0,0,0,1,1,0,0,0,0,0,0,0,0,0,0
1304,HLA_1305,0,0,1,0,0,0,0,0,0,0,0,0,0,1,0,0
1305,HLA_1306,0,1,0,0,0,0,1,0,0,0,0,0,0,0,0,0
1306,HLA_1307,1,1,0,0,0,0,0,0,0,0,0,0,0,0,0,0
1307,HLA_1308,2,0,0,0,0,0,0,0,0,0,0,0,0,0,0,0
1308,HLA_1309,0,0,1,0,1,0,0,0,0,0,0,0,0,0,0,0
1309,HLA_1310,0,0,1,0,1,0,0,0,0,0,0,0,0,0,0,0
1310,HLA_1311,0,0,1,0,0,0,1,0,0,0,0,0,0,0,0,0
1311,HLA_1312,0,0,1,0,0,0,0,0,0,0,0,0,0,1,0,0
1312,HLA_1313,0,0,0,0,0,0,0,1,0,0,0,1,0,0,0,0
1313,HLA_1314,0,0,0,0,0,0,0,1,0,0,0,1,0,0,0,0
1314,HLA_1315,0,0,1,0,0,0,0,1,0,0,0,0,0,0,0,0
1315,HLA_1316,0,0,1,0,0,0,0,1,0,0,0,0,0,0,0,0
1316,HLA_1317,0,0,2,0,0,0,0,0,0,0,0,0,0,0,0,0
1317,HLA_1318,0,0,0,0,1,0,0,0,0,0,1,0,0,0,0,0
1318,HLA_1319,1,0,0,0,0,0,0,0,0,0,0,1,0,0,0,0
1319,HLA_1320,0,0,0,0,0,2,0,0,0,0,0,0,0,0,0,0
1320,HLA_1321,0,1,0,0,0,0,0,0,0,0,0,0,0,1,0,0
1321,HLA_1322,0,0,0,0,0,1,0,1,0,0,0,0,0,0,0,0
1322,HLA_1323,1,0,1,0,0,0,0,0,0,0,0,0,0,0,0,0
1323,HLA_1324,1,0,0,1,0,0,0,0,0,0,0,0,0,0,0,0
1324,HLA_1325,0,0,0,0,1,1,0,0,0,0,0,0,0,0,0,0
1325,HLA_1326,1,0,0,1,0,0,0,0,0,0,0,0,0,0,0,0
1326,HLA_1327,0,0,0,1,0,0,0,0,0,1,0,0,0,0,0,0
1327,HLA_1328,0,1,0,0,0,0,1,0,0,0,0,0,0,0,0,0
1328,HLA_1329,0,0,2,0,0,0,0,0,0,0,0,0,0,0,0,0
1329,HLA_1330,0,0,1,0,0,0,0,0,0,0,0,0,0,1,0,0
1330,HLA_1331,0,1,1,0,0,0,0,0,0,0,0,0,0,0,0,0
1331,HLA_1332,1,0,1,0,0,0,0,0,0,0,0,0,0,0,0,0
1332,HLA_1333,0,0,2,0,0,0,0,0,0,0,0,0,0,0,0,0
1333,HLA_1334,0,0,2,0,0,0,0,0,0,0,0,0,0,0,0,0
1334,HLA_1335,1,0,0,0,0,1,0,0,0,0,0,0,0,0,0,0
1335,HLA_1336,0,0,0,0,0,0,0,0,1,1,0,0,0,0,0,0
1336,HLA_1337,1,0,1,0,0,0,0,0,0,0,0,0,0,0,0,0
1337,HLA_1338,0,0,0,1,1,0,0,0,0,0,0,0,0,0,0,0
1338,HLA_1339,0,0,1,0,0,0,0,0,0,0,0,0,1,0,0,0
1339,HLA_1340,0,0,0,1,0,0,0,1,0,0,0,0,0,0,0,0
1340,HLA_1341,0,0,0,2,0,0,0,0,0,0,0,0,0,0,0,0
1341,HLA_1342,1,0,1,0,0,0,0,0,0,0,0,0,0,0,0,0
1342,HLA_1343,0,0,0,0,1,0,1,0,0,0,0,0,0,0,0,0
1343,HLA_1344,0,0,0,0,1,1,0,0,0,0,0,0,0,0,0,0
1344,HLA_1345,0,0,1,0,1,0,0,0,0,0,0,0,0,0,0,0
1345,HLA_1346,0,0,0,0,0,1,1,0,0,0,0,0,0,0,0,0
1346,HLA_1347,0,0,1,0,0,0,0,0,1,0,0,0,0,0,0,0
1347,HLA_1348,0,1,0,0,0,0,0,0,1,0,0,0,0,0,0,0
1348,HLA_1349,0,0,0,1,0,1,0,0,0,0,0,0,0,0,0,0
1349,HLA_1350,0,0,0,2,0,0,0,0,0,0,0,0,0,0,0,0
1350,HLA_1351,0,0,1,0,0,0,1,0,0,0,0,0,0,0,0,0
1351,HLA_1352,0,0,0,0,1,1,0,0,0,0,0,0,0,0,0,0
1352,HLA_1353,0,1,0,0,0,0,0,1,0,0,0,0,0,0,0,0
1353,HLA_1354,0,0,0,0,0,1,1,0,0,0,0,0,0,0,0,0
1354,HLA_1355,0,0,0,0,0,0,0,0,2,0,0,0,0,0,0,0
1355,HLA_1356,0,0,0,0,1,0,0,0,0,0,0,1,0,0,0,0
1356,HLA_1357,0,1,0,0,0,0,0,1,0,0,0,0,0,0,0,0
1357,HLA_1358,0,1,0,0,1,0,0,0,0,0,0,0,0,0,0,0
1358,HLA_1359,0,0,2,0,0,0,0,0,0,0,0,0,0,0,0,0
1359,HLA_1360,0,0,0,0,0,0,1,0,1,0,0,0,0,0,0,0
1360,HLA_1361,0,0,0,1,0,0,0,0,0,0,0,0,0,1,0,0
1361,HLA_1362,0,1,0,0,0,1,0,0,0,0,0,0,0,0,0,0
1362,HLA_1363,0,0,2,0,0,0,0,0,0,0,0,0,0,0,0,0
1363,HLA_1364,0,0,2,0,0,0,0,0,0,0,0,0,0,0,0,0
1364,HLA_1365,0,0,1,1,0,0,0,0,0,0,0,0,0,0,0,0
1365,HLA_1366,0,0,0,1,1,0,0,0,0,0,0,0,0,0,0,0
1366,HLA_1367,0,0,1,1,0,0,0,0,0,0,0,0,0,0,0,0
1367,HLA_1368,0,0,0,0,1,1,0,0,0,0,0,0,0,0,0,0
1368,HLA_1369,0,0,1,0,0,0,1,0,0,0,0,0,0,0,0,0
1369,HLA_1370,0,0,0,0,0,0,1,1,0,0,0,0,0,0,0,0
1370,HLA_1371,0,0,2,0,0,0,0,0,0,0,0,0,0,0,0,0
1371,HLA_1372,0,0,1,0,0,0,1,0,0,0,0,0,0,0,0,0
1372,HLA_1373,0,0,0,0,0,0,0,1,0,0,0,0,0,1,0,0
1373,HLA_1374,0,0,1,0,0,0,1,0,0,0,0,0,0,0,0,0
1374,HLA_1375,0,0,0,0,1,1,0,0,0,0,0,0,0,0,0,0
1375,HLA_1376,0,0,0,1,0,0,0,0,1,0,0,0,0,0,0,0
1376,HLA_1377,0,0,1,0,1,0,0,0,0,0,0,0,0,0,0,0
1377,HLA_1378,0,0,0,0,0,0,2,0,0,0,0,0,0,0,0,0
1378,HLA_1379,0,0,1,1,0,0,0,0,0,0,0,0,0,0,0,0
1379,HLA_1380,1,0,1,0,0,0,0,0,0,0,0,0,0,0,0,0
1380,HLA_1381,1,0,0,1,0,0,0,0,0,0,0,0,0,0,0,0
1381,HLA_1382,0,1,0,1,0,0,0,0,0,0,0,0,0,0,0,0
1382,HLA_1383,0,0,1,0,0,1,0,0,0,0,0,0,0,0,0,0
1383,HLA_1384,0,1,0,0,1,0,0,0,0,0,0,0,0,0,0,0
1384,HLA_1385,0,0,0,0,0,1,0,1,0,0,0,0,0,0,0,0
1385,HLA_1386,1,0,1,0,0,0,0,0,0,0,0,0,0,0,0,0
1386,HLA_1387,0,1,0,0,0,0,0,0,1,0,0,0,0,0,0,0
1387,HLA_1388,0,0,0,0,0,0,0,0,1,0,1,0,0,0,0,0
1388,HLA_1389,0,1,0,0,0,0,0,0,0,0,1,0,0,0,0,0
1389,HLA_1390,1,0,1,0,0,0,0,0,0,0,0,0,0,0,0,0
1390,HLA_1391,0,1,0,0,0,0,1,0,0,0,0,0,0,0,0,0
1391,HLA_1392,1,0,1,0,0,0,0,0,0,0,0,0,0,0,0,0
1392,HLA_1393,1,0,0,0,0,0,0,0,0,1,0,0,0,0,0,0
1393,HLA_1394,0,0,2,0,0,0,0,0,0,0,0,0,0,0,0,0
1394,HLA_1395,1,0,0,0,0,0,1,0,0,0,0,0,0,0,0,0
1395,HLA_1396,0,0,0,0,0,1,0,1,0,0,0,0,0,0,0,0
1396,HLA_1397,1,0,0,0,1,0,0,0,0,0,0,0,0,0,0,0
1397,HLA_1398,0,0,0,1,0,0,1,0,0,0,0,0,0,0,0,0
1398,HLA_1399,1,0,0,0,0,1,0,0,0,0,0,0,0,0,0,0
1399,HLA_1400,0,0,0,0,1,0,0,1,0,0,0,0,0,0,0,0
1400,HLA_1401,0,0,1,0,0,0,0,1,0,0,0,0,0,0,0,0
1401,HLA_1402,0,0,1,0,0,0,1,0,0,0,0,0,0,0,0,0
1402,HLA_1403,0,0,1,0,0,0,0,1,0,0,0,0,0,0,0,0
1403,HLA_1404,0,1,1,0,0,0,0,0,0,0,0,0,0,0,0,0
1404,HLA_1405,0,0,0,0,0,2,0,0,0,0,0,0,0,0,0,0
1405,HLA_1406,1,0,1,0,0,0,0,0,0,0,0,0,0,0,0,0
1406,HLA_1407,1,0,0,0,0,1,0,0,0,0,0,0,0,0,0,0
1407,HLA_1408,0,1,0,0,0,0,1,0,0,0,0,0,0,0,0,0
1408,HLA_1409,0,0,1,0,0,0,1,0,0,0,0,0,0,0,0,0
1409,HLA_1410,0,0,1,0,0,0,1,0,0,0,0,0,0,0,0,0
1410,HLA_1411,1,0,0,0,0,0,1,0,0,0,0,0,0,0,0,0
1411,HLA_1412,1,0,0,0,1,0,0,0,0,0,0,0,0,0,0,0
1412,HLA_1413,0,0,1,0,0,0,0,0,0,0,0,0,0,1,0,0
1413,HLA_1414,0,1,0,0,0,0,1,0,0,0,0,0,0,0,0,0
1414,HLA_1415,0,0,2,0,0,0,0,0,0,0,0,0,0,0,0,0
1415,HLA_1416,1,1,0,0,0,0,0,0,0,0,0,0,0,0,0,0
1416,HLA_1417,0,0,1,0,1,0,0,0,0,0,0,0,0,0,0,0
1417,HLA_1418,0,0,1,1,0,0,0,0,0,0,0,0,0,0,0,0
1418,HLA_1419,0,0,0,1,1,0,0,0,0,0,0,0,0,0,0,0
1419,HLA_1420,0,0,1,0,0,0,0,0,0,0,0,0,0,1,0,0
1420,HLA_1421,0,0,1,0,1,0,0,0,0,0,0,0,0,0,0,0
1421,HLA_1422,0,0,2,0,0,0,0,0,0,0,0,0,0,0,0,0
1422,HLA_1423,0,0,2,0,0,0,0,0,0,0,0,0,0,0,0,0
1423,HLA_1424,1,0,0,0,0,0,1,0,0,0,0,0,0,0,0,0
1424,HLA_1425,0,1,0,1,0,0,0,0,0,0,0,0,0,0,0,0
1425,HLA_1426,0,0,1,0,0,0,0,0,0,0,0,0,1,0,0,0
1426,HLA_1427,1,0,0,0,1,0,0,0,0,0,0,0,0,0,0,0
1427,HLA_1428,0,0,1,1,0,0,0,0,0,0,0,0,0,0,0,0
1428,HLA_1429,0,1,0,0,0,0,0,0,1,0,0,0,0,0,0,0
1429,HLA_1430,1,0,0,0,1,0,0,0,0,0,0,0,0,0,0,0
1430,HLA_1431,0,0,0,1,0,0,0,0,1,0,0,0,0,0,0,0
1431,HLA_1432,0,0,0,0,0,0,1,0,0,0,0,1,0,0,0,0
1432,HLA_1433,0,2,0,0,0,0,0,0,0,0,0,0,0,0,0,0
1433,HLA_1434,0,0,0,0,2,0,0,0,0,0,0,0,0,0,0,0
1434,HLA_1435,0,2,0,0,0,0,0,0,0,0,0,0,0,0,0,0
1435,HLA_1436,0,0,0,0,0,0,0,1,0,0,0,1,0,0,0,0
1436,HLA_1437,0,0,1,1,0,0,0,0,0,0,0,0,0,0,0,0
1437,HLA_1438,1,0,0,0,0,0,1,0,0,0,0,0,0,0,0,0
1438,HLA_1439,1,0,0,1,0,0,0,0,0,0,0,0,0,0,0,0
1439,HLA_1440,0,0,1,0,1,0,0,0,0,0,0,0,0,0,0,0
1440,HLA_1441,0,0,1,0,1,0,0,0,0,0,0,0,0,0,0,0
1441,HLA_1442,1,1,0,0,0,0,0,0,0,0,0,0,0,0,0,0
1442,HLA_1443,1,0,0,0,0,1,0,0,0,0,0,0,0,0,0,0
1443,HLA_1444,0,0,1,0,0,0,0,1,0,0,0,0,0,0,0,0
1444,HLA_1445,1,0,0,0,0,0,0,0,0,0,0,0,0,1,0,0
1445,HLA_1446,0,0,0,0,0,0,1,0,0,1,0,0,0,0,0,0
1446,HLA_1447,1,0,0,0,1,0,0,0,0,0,0,0,0,0,0,0
1447,HLA_1448,1,0,0,0,0,1,0,0,0,0,0,0,0,0,0,0
1448,HLA_1449,0,0,1,0,1,0,0,0,0,0,0,0,0,0,0,0
1449,HLA_1450,0,0,0,0,0,1,0,0,0,0,0,0,0,1,0,0
1450,HLA_1451,0,0,1,0,0,0,1,0,0,0,0,0,0,0,0,0
1451,HLA_1452,0,0,2,0,0,0,0,0,0,0,0,0,0,0,0,0
1452,HLA_1453,0,1,1,0,0,0,0,0,0,0,0,0,0,0,0,0
1453,HLA_1454,0,0,0,0,0,0,2,0,0,0,0,0,0,0,0,0
1454,HLA_1455,0,0,1,0,0,0,0,0,0,0,1,0,0,0,0,0
1455,HLA_1456,0,1,0,0,0,0,0,0,0,0,0,0,0,1,0,0
1456,HLA_1457,1,0,1,0,0,0,0,0,0,0,0,0,0,0,0,0
1457,HLA_1458,0,0,0,2,0,0,0,0,0,0,0,0,0,0,0,0
1458,HLA_1459,0,0,0,0,0,0,0,1,0,0,0,0,1,0,0,0
1459,HLA_1460,0,1,0,0,0,0,1,0,0,0,0,0,0,0,0,0
1460,HLA_1461,0,0,1,0,0,0,0,0,0,0,0,1,0,0,0,0
1461,HLA_1462,1,0,0,0,1,0,0,0,0,0,0,0,0,0,0,0
1462,HLA_1463,0,0,1,0,0,0,1,0,0,0,0,0,0,0,0,0
1463,HLA_1464,0,0,1,0,0,0,0,0,1,0,0,0,0,0,0,0
1464,HLA_1465,0,1,0,1,0,0,0,0,0,0,0,0,0,0,0,0
1465,HLA_1466,0,0,1,0,0,0,1,0,0,0,0,0,0,0,0,0
1466,HLA_1467,0,1,1,0,0,0,0,0,0,0,0,0,0,0,0,0
1467,HLA_1468,0,1,0,0,0,0,0,1,0,0,0,0,0,0,0,0
1468,HLA_1469,0,0,1,1,0,0,0,0,0,0,0,0,0,0,0,0
1469,HLA_1470,0,0,1,0,0,0,0,1,0,0,0,0,0,0,0,0
1470,HLA_1471,0,1,1,0,0,0,0,0,0,0,0,0,0,0,0,0
1471,HLA_1472,0,1,0,0,1,0,0,0,0,0,0,0,0,0,0,0
1472,HLA_1473,0,0,1,0,0,0,0,1,0,0,0,0,0,0,0,0
1473,HLA_1474,0,0,1,0,0,0,0,1,0,0,0,0,0,0,0,0
1474,HLA_1475,0,0,1,0,0,0,1,0,0,0,0,0,0,0,0,0
1475,HLA_1476,0,0,2,0,0,0,0,0,0,0,0,0,0,0,0,0
1476,HLA_1477,0,1,0,0,0,0,0,1,0,0,0,0,0,0,0,0
1477,HLA_1478,0,0,2,0,0,0,0,0,0,0,0,0,0,0,0,0
1478,HLA_1479,0,0,0,1,0,0,0,0,0,0,0,1,0,0,0,0
1479,HLA_1480,0,1,0,1,0,0,0,0,0,0,0,0,0,0,0,0
1480,HLA_1481,0,0,2,0,0,0,0,0,0,0,0,0,0,0,0,0
1481,HLA_1482,0,0,0,0,0,0,1,1,0,0,0,0,0,0,0,0
1482,HLA_1483,0,0,2,0,0,0,0,0,0,0,0,0,0,0,0,0
1483,HLA_1484,1,0,1,0,0,0,0,0,0,0,0,0,0,0,0,0
1484,HLA_1485,1,1,0,0,0,0,0,0,0,0,0,0,0,0,0,0
1485,HLA_1486,0,0,1,0,1,0,0,0,0,0,0,0,0,0,0,0
1486,HLA_1487,0,1,0,1,0,0,0,0,0,0,0,0,0,0,0,0
1487,HLA_1488,0,0,0,0,1,0,1,0,0,0,0,0,0,0,0,0
1488,HLA_1489,0,0,2,0,0,0,0,0,0,0,0,0,0,0,0,0
1489,HLA_1490,0,0,0,0,1,0,1,0,0,0,0,0,0,0,0,0
1490,HLA_1491,0,0,0,0,2,0,0,0,0,0,0,0,0,0,0,0
1491,HLA_1492,0,0,1,0,0,1,0,0,0,0,0,0,0,0,0,0
1492,HLA_1493,1,0,1,0,0,0,0,0,0,0,0,0,0,0,0,0
1493,HLA_1494,0,0,1,0,0,0,1,0,0,0,0,0,0,0,0,0
1494,HLA_1495,0,0,1,0,0,0,1,0,0,0,0,0,0,0,0,0
1495,HLA_1496,0,0,0,1,0,0,0,0,1,0,0,0,0,0,0,0
1496,HLA_1497,0,0,0,1,0,0,1,0,0,0,0,0,0,0,0,0
1497,HLA_1498,0,0,2,0,0,0,0,0,0,0,0,0,0,0,0,0
1498,HLA_1499,1,1,0,0,0,0,0,0,0,0,0,0,0,0,0,0
1499,HLA_1500,0,1,0,0,0,0,1,0,0,0,0,0,0,0,0,0
1500,HLA_1501,1,0,1,0,0,0,0,0,0,0,0,0,0,0,0,0
1501,HLA_1502,0,0,0,0,0,1,1,0,0,0,0,0,0,0,0,0
1502,HLA_1503,0,0,1,0,0,0,1,0,0,0,0,0,0,0,0,0
1503,HLA_1504,1,0,0,0,1,0,0,0,0,0,0,0,0,0,0,0
1504,HLA_1505,0,1,1,0,0,0,0,0,0,0,0,0,0,0,0,0
1505,HLA_1506,1,0,0,1,0,0,0,0,0,0,0,0,0,0,0,0
1506,HLA_1507,0,0,0,0,1,1,0,0,0,0,0,0,0,0,0,0
1507,HLA_1508,0,1,0,1,0,0,0,0,0,0,0,0,0,0,0,0
1508,HLA_1509,0,0,1,0,0,0,1,0,0,0,0,0,0,0,0,0
1509,HLA_1510,1,0,1,0,0,0,0,0,0,0,0,0,0,0,0,0
1510,HLA_1511,0,0,0,0,2,0,0,0,0,0,0,0,0,0,0,0
1511,HLA_1512,0,0,1,0,0,0,0,1,0,0,0,0,0,0,0,0
1512,HLA_1513,0,0,0,0,2,0,0,0,0,0,0,0,0,0,0,0
1513,HLA_1514,0,0,1,0,0,0,0,1,0,0,0,0,0,0,0,0
1514,HLA_1515,0,0,1,1,0,0,0,0,0,0,0,0,0,0,0,0
1515,HLA_1516,0,0,1,0,1,0,0,0,0,0,0,0,0,0,0,0
1516,HLA_1517,0,0,1,0,0,0,0,1,0,0,0,0,0,0,0,0
1517,HLA_1518,0,0,0,0,1,1,0,0,0,0,0,0,0,0,0,0
1518,HLA_1519,0,0,0,1,1,0,0,0,0,0,0,0,0,0,0,0
1519,HLA_1520,0,0,1,1,0,0,0,0,0,0,0,0,0,0,0,0
1520,HLA_1521,0,0,1,0,0,0,0,0,0,0,0,0,0,1,0,0
1521,HLA_1522,1,0,0,0,0,0,1,0,0,0,0,0,0,0,0,0
1522,HLA_1523,0,0,2,0,0,0,0,0,0,0,0,0,0,0,0,0
1523,HLA_1524,1,0,1,0,0,0,0,0,0,0,0,0,0,0,0,0
1524,HLA_1525,0,0,1,0,0,0,0,0,0,0,0,0,0,1,0,0
1525,HLA_1526,0,0,0,0,0,1,1,0,0,0,0,0,0,0,0,0
1526,HLA_1527,0,0,2,0,0,0,0,0,0,0,0,0,0,0,0,0
1527,HLA_1528,0,0,1,0,0,0,0,1,0,0,0,0,0,0,0,0
1528,HLA_1529,0,0,1,0,1,0,0,0,0,0,0,0,0,0,0,0
1529,HLA_1530,1,0,1,0,0,0,0,0,0,0,0,0,0,0,0,0
1530,HLA_1531,0,0,1,0,0,0,0,0,0,0,0,0,0,1,0,0
1531,HLA_1532,0,0,1,0,0,0,0,0,0,1,0,0,0,0,0,0
1532,HLA_1533,1,0,0,0,0,1,0,0,0,0,0,0,0,0,0,0
1533,HLA_1534,0,0,0,1,1,0,0,0,0,0,0,0,0,0,0,0
1534,HLA_1535,0,0,1,0,1,0,0,0,0,0,0,0,0,0,0,0
1535,HLA_1536,0,1,0,0,0,0,0,1,0,0,0,0,0,0,0,0
1536,HLA_1537,0,0,0,1,0,1,0,0,0,0,0,0,0,0,0,0
1537,HLA_1538,0,1,1,0,0,0,0,0,0,0,0,0,0,0,0,0
1538,HLA_1539,0,0,2,0,0,0,0,0,0,0,0,0,0,0,0,0
1539,HLA_1540,1,0,0,0,1,0,0,0,0,0,0,0,0,0,0,0
1540,HLA_1541,0,0,1,0,1,0,0,0,0,0,0,0,0,0,0,0
1541,HLA_1542,0,0,2,0,0,0,0,0,0,0,0,0,0,0,0,0
1542,HLA_1543,0,0,0,0,0,2,0,0,0,0,0,0,0,0,0,0
1543,HLA_1544,0,0,1,0,1,0,0,0,0,0,0,0,0,0,0,0
1544,HLA_1545,1,0,0,0,0,0,1,0,0,0,0,0,0,0,0,0
1545,HLA_1546,0,0,1,0,1,0,0,0,0,0,0,0,0,0,0,0
1546,HLA_1547,1,1,0,0,0,0,0,0,0,0,0,0,0,0,0,0
1547,HLA_1548,0,0,1,0,0,0,0,0,0,0,1,0,0,0,0,0
1548,HLA_1549,0,0,1,0,0,0,1,0,0,0,0,0,0,0,0,0
1549,HLA_1550,1,0,0,1,0,0,0,0,0,0,0,0,0,0,0,0
1550,HLA_1551,0,0,2,0,0,0,0,0,0,0,0,0,0,0,0,0
1551,HLA_1552,0,0,0,0,0,0,1,0,0,0,0,0,0,1,0,0
1552,HLA_1553,0,0,1,0,0,1,0,0,0,0,0,0,0,0,0,0
1553,HLA_1554,0,0,0,1,1,0,0,0,0,0,0,0,0,0,0,0
1554,HLA_1555,1,0,0,0,0,1,0,0,0,0,0,0,0,0,0,0
1555,HLA_1556,0,0,1,0,1,0,0,0,0,0,0,0,0,0,0,0
1556,HLA_1557,0,0,1,0,1,0,0,0,0,0,0,0,0,0,0,0
1557,HLA_1558,0,0,1,1,0,0,0,0,0,0,0,0,0,0,0,0
1558,HLA_1559,0,1,0,0,1,0,0,0,0,0,0,0,0,0,0,0
1559,HLA_1560,1,0,0,1,0,0,0,0,0,0,0,0,0,0,0,0
1560,HLA_1561,1,0,0,0,0,0,1,0,0,0,0,0,0,0,0,0
1561,HLA_1562,0,0,1,1,0,0,0,0,0,0,0,0,0,0,0,0
1562,HLA_1563,0,1,0,0,0,0,0,0,0,0,0,1,0,0,0,0
1563,HLA_1564,1,0,0,1,0,0,0,0,0,0,0,0,0,0,0,0
1564,HLA_1565,0,0,0,0,0,1,0,0,0,0,1,0,0,0,0,0
1565,HLA_1566,0,1,0,0,0,0,0,1,0,0,0,0,0,0,0,0
1566,HLA_1567,0,1,0,1,0,0,0,0,0,0,0,0,0,0,0,0
1567,HLA_1568,0,0,2,0,0,0,0,0,0,0,0,0,0,0,0,0
1568,HLA_1569,0,0,0,0,1,0,0,0,0,0,0,0,1,0,0,0
1569,HLA_1570,0,0,1,0,0,0,0,1,0,0,0,0,0,0,0,0
1570,HLA_1571,0,0,0,0,1,0,1,0,0,0,0,0,0,0,0,0
1571,HLA_1572,0,0,1,0,0,0,0,0,0,0,0,0,0,1,0,0
1572,HLA_1573,1,0,0,1,0,0,0,0,0,0,0,0,0,0,0,0
1573,HLA_1574,0,0,0,0,0,0,2,0,0,0,0,0,0,0,0,0
1574,HLA_1575,0,0,1,0,1,0,0,0,0,0,0,0,0,0,0,0
1575,HLA_1576,1,0,1,0,0,0,0,0,0,0,0,0,0,0,0,0
1576,HLA_1577,0,0,1,0,0,0,1,0,0,0,0,0,0,0,0,0
1577,HLA_1578,1,0,0,0,0,0,1,0,0,0,0,0,0,0,0,0
1578,HLA_1579,1,0,1,0,0,0,0,0,0,0,0,0,0,0,0,0
1579,HLA_1580,0,0,1,0,0,0,1,0,0,0,0,0,0,0,0,0
1580,HLA_1581,1,0,0,0,0,0,0,0,0,0,0,0,0,1,0,0
1581,HLA_1582,0,0,0,0,1,0,0,1,0,0,0,0,0,0,0,0
1582,HLA_1583,0,0,1,0,0,0,0,0,1,0,0,0,0,0,0,0
1583,HLA_1584,0,1,0,0,0,0,0,1,0,0,0,0,0,0,0,0
1584,HLA_1585,1,0,0,0,0,1,0,0,0,0,0,0,0,0,0,0
1585,HLA_1586,0,1,1,0,0,0,0,0,0,0,0,0,0,0,0,0
1586,HLA_1587,0,0,1,0,0,1,0,0,0,0,0,0,0,0,0,0
1587,HLA_1588,0,0,0,1,0,1,0,0,0,0,0,0,0,0,0,0
1588,HLA_1589,0,1,0,0,0,1,0,0,0,0,0,0,0,0,0,0
1589,HLA_1590,0,0,1,1,0,0,0,0,0,0,0,0,0,0,0,0
1590,HLA_1591,0,0,0,0,0,0,1,0,0,0,0,0,0,1,0,0
1591,HLA_1592,0,1,1,0,0,0,0,0,0,0,0,0,0,0,0,0
1592,HLA_1593,0,0,1,0,0,0,1,0,0,0,0,0,0,0,0,0
1593,HLA_1594,0,0,1,0,0,1,0,0,0,0,0,0,0,0,0,0
1594,HLA_1595,0,0,0,0,1,0,0,1,0,0,0,0,0,0,0,0
1595,HLA_1596,0,0,1,0,0,0,1,0,0,0,0,0,0,0,0,0
1596,HLA_1597,1,0,1,0,0,0,0,0,0,0,0,0,0,0,0,0
1597,HLA_1598,0,0,2,0,0,0,0,0,0,0,0,0,0,0,0,0
1598,HLA_1599,0,1,0,0,0,0,0,1,0,0,0,0,0,0,0,0
1599,HLA_1600,0,0,1,0,0,0,0,1,0,0,0,0,0,0,0,0
1600,HLA_1601,0,0,1,0,0,0,1,0,0,0,0,0,0,0,0,0
1601,HLA_1602,0,0,0,2,0,0,0,0,0,0,0,0,0,0,0,0
1602,HLA_1603,0,0,1,0,1,0,0,0,0,0,0,0,0,0,0,0
1603,HLA_1604,0,1,1,0,0,0,0,0,0,0,0,0,0,0,0,0
1604,HLA_1605,0,0,1,0,0,1,0,0,0,0,0,0,0,0,0,0
1605,HLA_1606,0,0,1,0,0,0,0,0,0,0,0,0,1,0,0,0
1606,HLA_1607,0,0,1,0,0,0,0,0,0,0,0,0,1,0,0,0
1607,HLA_1608,0,0,0,1,0,0,0,0,0,0,0,0,0,1,0,0
1608,HLA_1609,0,0,0,0,0,1,1,0,0,0,0,0,0,0,0,0
1609,HLA_1610,0,1,1,0,0,0,0,0,0,0,0,0,0,0,0,0
1610,HLA_1611,0,1,0,0,0,0,0,1,0,0,0,0,0,0,0,0
1611,HLA_1612,0,0,1,0,0,0,1,0,0,0,0,0,0,0,0,0
1612,HLA_1613,0,0,2,0,0,0,0,0,0,0,0,0,0,0,0,0
1613,HLA_1614,0,0,1,0,1,0,0,0,0,0,0,0,0,0,0,0
1614,HLA_1615,0,0,2,0,0,0,0,0,0,0,0,0,0,0,0,0
1615,HLA_1616,2,0,0,0,0,0,0,0,0,0,0,0,0,0,0,0
1616,HLA_1617,0,0,1,0,1,0,0,0,0,0,0,0,0,0,0,0
1617,HLA_1618,0,1,0,0,1,0,0,0,0,0,0,0,0,0,0,0
1618,HLA_1619,0,0,1,0,0,0,0,1,0,0,0,0,0,0,0,0
1619,HLA_1620,0,1,0,0,0,0,0,1,0,0,0,0,0,0,0,0
1620,HLA_1621,0,0,2,0,0,0,0,0,0,0,0,0,0,0,0,0
1621,HLA_1622,1,0,0,0,0,0,0,0,0,0,0,0,0,1,0,0
1622,HLA_1623,0,1,1,0,0,0,0,0,0,0,0,0,0,0,0,0
1623,HLA_1624,0,0,0,0,0,1,1,0,0,0,0,0,0,0,0,0
1624,HLA_1625,0,0,0,1,0,0,0,0,0,0,0,0,1,0,0,0
1625,HLA_1626,0,0,0,0,1,0,0,1,0,0,0,0,0,0,0,0
1626,HLA_1627,0,0,1,0,0,0,1,0,0,0,0,0,0,0,0,0
1627,HLA_1628,0,1,0,1,0,0,0,0,0,0,0,0,0,0,0,0
1628,HLA_1629,0,0,0,0,1,1,0,0,0,0,0,0,0,0,0,0
1629,HLA_1630,0,0,2,0,0,0,0,0,0,0,0,0,0,0,0,0
1630,HLA_1631,0,0,1,0,1,0,0,0,0,0,0,0,0,0,0,0
1631,HLA_1632,0,0,0,0,2,0,0,0,0,0,0,0,0,0,0,0
1632,HLA_1633,0,0,1,1,0,0,0,0,0,0,0,0,0,0,0,0
1633,HLA_1634,0,0,1,0,1,0,0,0,0,0,0,0,0,0,0,0
1634,HLA_1635,0,0,0,1,1,0,0,0,0,0,0,0,0,0,0,0
1635,HLA_1636,0,1,1,0,0,0,0,0,0,0,0,0,0,0,0,0
1636,HLA_1637,0,0,1,0,1,0,0,0,0,0,0,0,0,0,0,0
1637,HLA_1638,0,1,1,0,0,0,0,0,0,0,0,0,0,0,0,0
1638,HLA_1639,0,0,1,0,0,0,0,0,0,0,0,0,0,1,0,0
1639,HLA_1640,0,0,1,0,0,0,1,0,0,0,0,0,0,0,0,0
1640,HLA_1641,1,0,0,1,0,0,0,0,0,0,0,0,0,0,0,0
1641,HLA_1642,0,0,1,0,0,0,1,0,0,0,0,0,0,0,0,0
1642,HLA_1643,0,0,0,0,2,0,0,0,0,0,0,0,0,0,0,0
1643,HLA_1644,0,0,0,0,0,0,0,0,0,0,0,2,0,0,0,0
1644,HLA_1645,0,0,0,0,1,0,1,0,0,0,0,0,0,0,0,0
1645,HLA_1646,0,0,2,0,0,0,0,0,0,0,0,0,0,0,0,0
1646,HLA_1647,1,0,0,0,0,1,0,0,0,0,0,0,0,0,0,0
1647,HLA_1648,1,1,0,0,0,0,0,0,0,0,0,0,0,0,0,0
1648,HLA_1649,0,0,1,0,0,0,0,1,0,0,0,0,0,0,0,0
1649,HLA_1650,0,0,1,0,0,0,0,0,0,0,0,1,0,0,0,0
1650,HLA_1651,0,0,2,0,0,0,0,0,0,0,0,0,0,0,0,0
1651,HLA_1652,0,0,2,0,0,0,0,0,0,0,0,0,0,0,0,0
1652,HLA_1653,0,0,0,1,0,0,0,0,0,1,0,0,0,0,0,0
1653,HLA_1654,0,0,1,0,0,1,0,0,0,0,0,0,0,0,0,0
1654,HLA_1655,0,0,0,1,0,0,1,0,0,0,0,0,0,0,0,0
1655,HLA_1656,1,0,1,0,0,0,0,0,0,0,0,0,0,0,0,0
1656,HLA_1657,1,0,0,0,1,0,0,0,0,0,0,0,0,0,0,0
1657,HLA_1658,0,0,0,1,0,0,0,0,0,0,0,0,0,1,0,0
1658,HLA_1659,0,0,1,1,0,0,0,0,0,0,0,0,0,0,0,0
1659,HLA_1660,0,0,1,0,1,0,0,0,0,0,0,0,0,0,0,0
1660,HLA_1661,1,0,1,0,0,0,0,0,0,0,0,0,0,0,0,0
1661,HLA_1662,1,0,0,1,0,0,0,0,0,0,0,0,0,0,0,0
1662,HLA_1663,0,0,0,0,2,0,0,0,0,0,0,0,0,0,0,0
1663,HLA_1664,0,0,2,0,0,0,0,0,0,0,0,0,0,0,0,0
1664,HLA_1665,0,0,2,0,0,0,0,0,0,0,0,0,0,0,0,0
1665,HLA_1666,0,0,2,0,0,0,0,0,0,0,0,0,0,0,0,0
1666,HLA_1667,1,0,0,0,0,0,0,1,0,0,0,0,0,0,0,0
1667,HLA_1668,0,0,2,0,0,0,0,0,0,0,0,0,0,0,0,0
1668,HLA_1669,1,0,1,0,0,0,0,0,0,0,0,0,0,0,0,0
1669,HLA_1670,0,1,0,1,0,0,0,0,0,0,0,0,0,0,0,0
1670,HLA_1671,0,0,1,0,0,0,0,1,0,0,0,0,0,0,0,0
1671,HLA_1672,0,0,1,0,0,0,1,0,0,0,0,0,0,0,0,0
1672,HLA_1673,0,0,2,0,0,0,0,0,0,0,0,0,0,0,0,0
1673,HLA_1674,1,0,1,0,0,0,0,0,0,0,0,0,0,0,0,0
1674,HLA_1675,0,0,1,0,0,0,0,1,0,0,0,0,0,0,0,0
1675,HLA_1676,0,1,1,0,0,0,0,0,0,0,0,0,0,0,0,0
1676,HLA_1677,0,0,0,0,0,0,0,0,0,0,1,0,0,1,0,0
1677,HLA_1678,0,0,0,0,0,0,0,0,0,0,0,1,1,0,0,0
1678,HLA_1679,0,0,2,0,0,0,0,0,0,0,0,0,0,0,0,0
1679,HLA_1680,0,0,0,0,1,0,1,0,0,0,0,0,0,0,0,0
1680,HLA_1681,1,0,1,0,0,0,0,0,0,0,0,0,0,0,0,0
1681,HLA_1682,0,0,0,0,0,0,2,0,0,0,0,0,0,0,0,0
1682,HLA_1683,0,0,0,1,0,0,0,1,0,0,0,0,0,0,0,0
1683,HLA_1684,0,0,0,0,0,1,1,0,0,0,0,0,0,0,0,0
1684,HLA_1685,1,0,0,0,0,0,1,0,0,0,0,0,0,0,0,0
1685,HLA_1686,0,0,2,0,0,0,0,0,0,0,0,0,0,0,0,0
1686,HLA_1687,1,0,1,0,0,0,0,0,0,0,0,0,0,0,0,0
1687,HLA_1688,0,0,0,0,0,0,0,0,1,0,0,0,0,1,0,0
1688,HLA_1689,0,0,1,0,0,0,1,0,0,0,0,0,0,0,0,0
1689,HLA_1690,0,0,1,0,1,0,0,0,0,0,0,0,0,0,0,0
1690,HLA_1691,0,0,0,0,0,0,2,0,0,0,0,0,0,0,0,0
1691,HLA_1692,0,0,0,1,0,1,0,0,0,0,0,0,0,0,0,0
1692,HLA_1693,0,0,0,0,0,0,0,0,0,0,0,0,0,2,0,0
1693,HLA_1694,0,1,0,1,0,0,0,0,0,0,0,0,0,0,0,0
1694,HLA_1695,0,0,0,0,0,0,2,0,0,0,0,0,0,0,0,0
1695,HLA_1696,0,0,0,0,0,1,1,0,0,0,0,0,0,0,0,0
1696,HLA_1697,0,0,2,0,0,0,0,0,0,0,0,0,0,0,0,0
1697,HLA_1698,0,0,0,1,1,0,0,0,0,0,0,0,0,0,0,0
1698,HLA_1699,1,0,0,0,0,0,1,0,0,0,0,0,0,0,0,0
1699,HLA_1700,0,0,0,0,0,0,2,0,0,0,0,0,0,0,0,0
1700,HLA_1701,1,0,0,0,0,0,0,1,0,0,0,0,0,0,0,0
1701,HLA_1702,0,0,1,0,1,0,0,0,0,0,0,0,0,0,0,0
1702,HLA_1703,1,1,0,0,0,0,0,0,0,0,0,0,0,0,0,0
1703,HLA_1704,0,1,0,0,1,0,0,0,0,0,0,0,0,0,0,0
1704,HLA_1705,0,0,0,0,1,1,0,0,0,0,0,0,0,0,0,0
1705,HLA_1706,0,0,1,0,0,0,0,0,0,0,0,0,1,0,0,0
1706,HLA_1707,0,0,1,0,0,0,1,0,0,0,0,0,0,0,0,0
1707,HLA_1708,0,0,1,0,0,0,1,0,0,0,0,0,0,0,0,0
1708,HLA_1709,0,0,0,0,2,0,0,0,0,0,0,0,0,0,0,0
1709,HLA_1710,0,0,0,0,0,0,1,0,0,0,1,0,0,0,0,0
1710,HLA_1711,1,0,0,0,0,0,1,0,0,0,0,0,0,0,0,0
1711,HLA_1712,1,0,1,0,0,0,0,0,0,0,0,0,0,0,0,0
1712,HLA_1713,0,0,1,0,0,0,0,1,0,0,0,0,0,0,0,0
1713,HLA_1714,0,0,0,0,0,1,0,0,1,0,0,0,0,0,0,0
1714,HLA_1715,0,0,1,0,0,0,1,0,0,0,0,0,0,0,0,0
1715,HLA_1716,1,1,0,0,0,0,0,0,0,0,0,0,0,0,0,0
1716,HLA_1717,1,0,0,0,0,0,1,0,0,0,0,0,0,0,0,0
1717,HLA_1718,0,0,1,0,0,0,0,0,0,0,0,1,0,0,0,0
1718,HLA_1719,0,0,0,0,0,0,1,0,0,0,0,0,0,1,0,0
1719,HLA_1720,0,0,1,1,0,0,0,0,0,0,0,0,0,0,0,0
1720,HLA_1721,0,0,0,0,1,1,0,0,0,0,0,0,0,0,0,0
1721,HLA_1722,0,0,2,0,0,0,0,0,0,0,0,0,0,0,0,0
1722,HLA_1723,1,0,0,0,0,0,0,0,0,0,0,0,1,0,0,0
1723,HLA_1724,1,0,0,0,0,0,1,0,0,0,0,0,0,0,0,0
1724,HLA_1725,0,0,1,1,0,0,0,0,0,0,0,0,0,0,0,0
1725,HLA_1726,0,0,0,0,1,1,0,0,0,0,0,0,0,0,0,0
1726,HLA_1727,0,1,1,0,0,0,0,0,0,0,0,0,0,0,0,0
1727,HLA_1728,0,0,0,0,1,0,0,1,0,0,0,0,0,0,0,0
1728,HLA_1729,0,0,0,1,1,0,0,0,0,0,0,0,0,0,0,0
1729,HLA_1730,0,0,0,0,1,0,0,1,0,0,0,0,0,0,0,0
1730,HLA_1731,0,0,0,0,1,0,0,1,0,0,0,0,0,0,0,0
1731,HLA_1732,0,0,1,1,0,0,0,0,0,0,0,0,0,0,0,0
1732,HLA_1733,1,0,0,0,0,1,0,0,0,0,0,0,0,0,0,0
1733,HLA_1734,1,0,0,1,0,0,0,0,0,0,0,0,0,0,0,0
1734,HLA_1735,0,1,1,0,0,0,0,0,0,0,0,0,0,0,0,0
1735,HLA_1736,0,0,0,0,2,0,0,0,0,0,0,0,0,0,0,0
1736,HLA_1737,0,1,0,0,1,0,0,0,0,0,0,0,0,0,0,0
1737,HLA_1738,0,1,0,0,0,0,1,0,0,0,0,0,0,0,0,0
1738,HLA_1739,1,0,0,1,0,0,0,0,0,0,0,0,0,0,0,0
1739,HLA_1740,0,0,0,0,2,0,0,0,0,0,0,0,0,0,0,0
1740,HLA_1741,0,0,2,0,0,0,0,0,0,0,0,0,0,0,0,0
1741,HLA_1742,0,0,1,0,1,0,0,0,0,0,0,0,0,0,0,0
1742,HLA_1743,1,0,0,0,0,0,1,0,0,0,0,0,0,0,0,0
1743,HLA_1744,0,0,0,1,1,0,0,0,0,0,0,0,0,0,0,0
1744,HLA_1745,1,0,0,1,0,0,0,0,0,0,0,0,0,0,0,0
1745,HLA_1746,0,1,0,0,0,0,0,0,0,0,0,0,0,1,0,0
1746,HLA_1747,0,0,1,0,1,0,0,0,0,0,0,0,0,0,0,0
1747,HLA_1748,0,1,1,0,0,0,0,0,0,0,0,0,0,0,0,0
1748,HLA_1749,0,0,0,0,0,0,2,0,0,0,0,0,0,0,0,0
1749,HLA_1750,0,0,1,0,1,0,0,0,0,0,0,0,0,0,0,0
1750,HLA_1751,1,0,0,0,0,1,0,0,0,0,0,0,0,0,0,0
1751,HLA_1752,0,0,1,0,0,1,0,0,0,0,0,0,0,0,0,0
1752,HLA_1753,0,0,1,0,0,0,0,0,0,0,0,0,1,0,0,0
1753,HLA_1754,0,0,1,0,1,0,0,0,0,0,0,0,0,0,0,0
1754,HLA_1755,0,1,1,0,0,0,0,0,0,0,0,0,0,0,0,0
1755,HLA_1756,0,0,1,0,1,0,0,0,0,0,0,0,0,0,0,0
1756,HLA_1757,0,0,0,1,1,0,0,0,0,0,0,0,0,0,0,0
1757,HLA_1758,0,0,0,0,2,0,0,0,0,0,0,0,0,0,0,0
1758,HLA_1759,0,0,2,0,0,0,0,0,0,0,0,0,0,0,0,0
1759,HLA_1760,1,0,0,0,1,0,0,0,0,0,0,0,0,0,0,0
1760,HLA_1761,0,0,1,0,0,1,0,0,0,0,0,0,0,0,0,0
1761,HLA_1762,1,0,1,0,0,0,0,0,0,0,0,0,0,0,0,0
1762,HLA_1763,0,0,0,0,0,0,0,1,0,0,0,1,0,0,0,0
1763,HLA_1764,1,0,0,0,0,1,0,0,0,0,0,0,0,0,0,0
1764,HLA_1765,0,1,1,0,0,0,0,0,0,0,0,0,0,0,0,0
1765,HLA_1766,0,0,1,1,0,0,0,0,0,0,0,0,0,0,0,0
1766,HLA_1767,0,0,1,0,1,0,0,0,0,0,0,0,0,0,0,0
1767,HLA_1768,1,0,0,0,0,1,0,0,0,0,0,0,0,0,0,0
1768,HLA_1769,0,0,0,0,1,1,0,0,0,0,0,0,0,0,0,0
1769,HLA_1770,0,0,0,1,0,0,1,0,0,0,0,0,0,0,0,0
1770,HLA_1771,1,0,0,0,0,0,0,1,0,0,0,0,0,0,0,0
1771,HLA_1772,0,0,1,0,0,0,0,1,0,0,0,0,0,0,0,0
1772,HLA_1773,0,0,1,0,0,0,0,0,0,0,0,0,0,1,0,0
1773,HLA_1774,0,0,0,0,0,2,0,0,0,0,0,0,0,0,0,0
1774,HLA_1775,0,1,0,0,0,0,1,0,0,0,0,0,0,0,0,0
1775,HLA_1776,0,1,1,0,0,0,0,0,0,0,0,0,0,0,0,0
1776,HLA_1777,0,0,0,1,0,0,1,0,0,0,0,0,0,0,0,0
1777,HLA_1778,0,0,1,0,0,1,0,0,0,0,0,0,0,0,0,0
1778,HLA_1779,1,1,0,0,0,0,0,0,0,0,0,0,0,0,0,0
1779,HLA_1780,0,0,1,0,0,0,0,1,0,0,0,0,0,0,0,0
1780,HLA_1781,0,0,1,1,0,0,0,0,0,0,0,0,0,0,0,0
1781,HLA_1782,0,0,0,0,0,1,1,0,0,0,0,0,0,0,0,0
1782,HLA_1783,0,1,0,0,0,0,0,0,1,0,0,0,0,0,0,0
1783,HLA_1784,0,1,1,0,0,0,0,0,0,0,0,0,0,0,0,0
1784,HLA_1785,0,0,0,1,1,0,0,0,0,0,0,0,0,0,0,0
1785,HLA_1786,0,1,1,0,0,0,0,0,0,0,0,0,0,0,0,0
1786,HLA_1787,0,0,0,1,0,0,1,0,0,0,0,0,0,0,0,0
1787,HLA_1788,0,0,2,0,0,0,0,0,0,0,0,0,0,0,0,0
1788,HLA_1789,2,0,0,0,0,0,0,0,0,0,0,0,0,0,0,0
1789,HLA_1790,0,0,0,2,0,0,0,0,0,0,0,0,0,0,0,0
1790,HLA_1791,0,1,0,0,0,0,0,1,0,0,0,0,0,0,0,0
1791,HLA_1792,0,1,0,0,0,0,0,0,1,0,0,0,0,0,0,0
1792,HLA_1793,0,0,1,0,0,0,1,0,0,0,0,0,0,0,0,0
1793,HLA_1794,1,0,0,0,0,1,0,0,0,0,0,0,0,0,0,0
1794,HLA_1795,0,1,0,0,0,1,0,0,0,0,0,0,0,0,0,0
1795,HLA_1796,0,0,1,0,0,0,0,0,1,0,0,0,0,0,0,0
1796,HLA_1797,0,0,0,0,1,1,0,0,0,0,0,0,0,0,0,0
1797,HLA_1798,0,0,0,0,0,0,1,1,0,0,0,0,0,0,0,0
1798,HLA_1799,0,1,1,0,0,0,0,0,0,0,0,0,0,0,0,0
1799,HLA_1800,0,0,1,0,0,0,0,0,0,0,0,0,0,1,0,0
1800,HLA_1801,0,0,0,0,1,1,0,0,0,0,0,0,0,0,0,0
1801,HLA_1802,1,0,0,0,1,0,0,0,0,0,0,0,0,0,0,0
1802,HLA_1803,0,0,0,0,0,0,1,0,0,1,0,0,0,0,0,0
1803,HLA_1804,0,0,0,0,1,0,0,1,0,0,0,0,0,0,0,0
1804,HLA_1805,0,0,0,1,1,0,0,0,0,0,0,0,0,0,0,0
1805,HLA_1806,0,0,1,0,1,0,0,0,0,0,0,0,0,0,0,0
1806,HLA_1807,0,0,1,0,0,1,0,0,0,0,0,0,0,0,0,0
1807,HLA_1808,1,1,0,0,0,0,0,0,0,0,0,0,0,0,0,0
1808,HLA_1809,0,0,1,0,0,0,0,1,0,0,0,0,0,0,0,0
1809,HLA_1810,0,0,1,0,1,0,0,0,0,0,0,0,0,0,0,0
1810,HLA_1811,0,0,1,0,0,0,0,0,0,0,0,0,0,1,0,0
1811,HLA_1812,0,0,2,0,0,0,0,0,0,0,0,0,0,0,0,0
1812,HLA_1813,0,0,0,0,1,1,0,0,0,0,0,0,0,0,0,0
1813,HLA_1814,0,0,0,0,1,0,1,0,0,0,0,0,0,0,0,0
1814,HLA_1815,0,0,1,0,0,0,1,0,0,0,0,0,0,0,0,0
1815,HLA_1816,0,0,1,0,1,0,0,0,0,0,0,0,0,0,0,0
1816,HLA_1817,0,0,0,0,1,1,0,0,0,0,0,0,0,0,0,0
1817,HLA_1818,0,0,2,0,0,0,0,0,0,0,0,0,0,0,0,0
1818,HLA_1819,0,0,2,0,0,0,0,0,0,0,0,0,0,0,0,0
1819,HLA_1820,1,0,1,0,0,0,0,0,0,0,0,0,0,0,0,0
1820,HLA_1821,0,0,0,0,1,1,0,0,0,0,0,0,0,0,0,0
1821,HLA_1822,2,0,0,0,0,0,0,0,0,0,0,0,0,0,0,0
1822,HLA_1823,0,0,1,0,0,0,0,1,0,0,0,0,0,0,0,0
1823,HLA_1824,1,0,0,1,0,0,0,0,0,0,0,0,0,0,0,0
1824,HLA_1825,0,0,0,0,1,0,1,0,0,0,0,0,0,0,0,0
1825,HLA_1826,0,0,1,0,0,0,0,1,0,0,0,0,0,0,0,0
1826,HLA_1827,0,0,1,1,0,0,0,0,0,0,0,0,0,0,0,0
1827,HLA_1828,0,0,0,1,1,0,0,0,0,0,0,0,0,0,0,0
1828,HLA_1829,0,0,1,0,0,0,1,0,0,0,0,0,0,0,0,0
1829,HLA_1830,0,0,0,0,0,0,1,0,1,0,0,0,0,0,0,0
1830,HLA_1831,0,0,1,0,1,0,0,0,0,0,0,0,0,0,0,0
1831,HLA_1832,1,0,0,0,0,1,0,0,0,0,0,0,0,0,0,0
1832,HLA_1833,0,0,0,0,0,0,0,1,1,0,0,0,0,0,0,0
1833,HLA_1834,0,0,0,0,1,1,0,0,0,0,0,0,0,0,0,0
1834,HLA_1835,0,0,0,0,0,1,1,0,0,0,0,0,0,0,0,0
1835,HLA_1836,0,0,1,0,0,0,0,1,0,0,0,0,0,0,0,0
1836,HLA_1837,0,0,1,0,0,0,1,0,0,0,0,0,0,0,0,0
1837,HLA_1838,0,1,1,0,0,0,0,0,0,0,0,0,0,0,0,0
1838,HLA_1839,0,0,2,0,0,0,0,0,0,0,0,0,0,0,0,0
1839,HLA_1840,0,0,1,0,1,0,0,0,0,0,0,0,0,0,0,0
1840,HLA_1841,1,0,1,0,0,0,0,0,0,0,0,0,0,0,0,0
1841,HLA_1842,0,0,1,1,0,0,0,0,0,0,0,0,0,0,0,0
1842,HLA_1843,0,0,1,0,0,0,1,0,0,0,0,0,0,0,0,0
1843,HLA_1844,0,0,1,0,0,0,0,1,0,0,0,0,0,0,0,0
1844,HLA_1845,0,0,1,0,0,1,0,0,0,0,0,0,0,0,0,0
1845,HLA_1846,0,0,0,0,1,1,0,0,0,0,0,0,0,0,0,0
1846,HLA_1847,0,0,1,0,0,0,0,0,0,0,0,1,0,0,0,0
1847,HLA_1848,0,0,0,0,1,0,1,0,0,0,0,0,0,0,0,0
1848,HLA_1849,0,0,1,1,0,0,0,0,0,0,0,0,0,0,0,0
1849,HLA_1850,2,0,0,0,0,0,0,0,0,0,0,0,0,0,0,0
1850,HLA_1851,0,0,0,0,1,1,0,0,0,0,0,0,0,0,0,0
1851,HLA_1852,1,0,0,0,0,0,1,0,0,0,0,0,0,0,0,0
1852,HLA_1853,0,0,2,0,0,0,0,0,0,0,0,0,0,0,0,0
1853,HLA_1854,0,0,0,0,0,0,0,0,1,0,0,0,0,1,0,0
1854,HLA_1855,0,0,1,0,0,0,1,0,0,0,0,0,0,0,0,0
1855,HLA_1856,0,0,2,0,0,0,0,0,0,0,0,0,0,0,0,0
1856,HLA_1857,0,0,0,0,0,0,2,0,0,0,0,0,0,0,0,0
1857,HLA_1858,1,1,0,0,0,0,0,0,0,0,0,0,0,0,0,0
1858,HLA_1859,0,0,1,0,0,0,0,1,0,0,0,0,0,0,0,0
1859,HLA_1860,0,0,1,0,0,0,0,0,0,0,0,0,1,0,0,0
1860,HLA_1861,0,0,1,0,0,0,0,0,0,1,0,0,0,0,0,0
1861,HLA_1862,0,0,0,0,1,0,1,0,0,0,0,0,0,0,0,0
1862,HLA_1863,0,1,1,0,0,0,0,0,0,0,0,0,0,0,0,0
1863,HLA_1864,0,0,0,1,0,0,1,0,0,0,0,0,0,0,0,0
1864,HLA_1865,0,0,0,1,1,0,0,0,0,0,0,0,0,0,0,0
1865,HLA_1866,0,0,1,0,1,0,0,0,0,0,0,0,0,0,0,0
1866,HLA_1867,0,1,0,0,0,0,0,1,0,0,0,0,0,0,0,0
1867,HLA_1868,0,0,0,0,2,0,0,0,0,0,0,0,0,0,0,0
1868,HLA_1869,0,0,0,1,1,0,0,0,0,0,0,0,0,0,0,0
1869,HLA_1870,2,0,0,0,0,0,0,0,0,0,0,0,0,0,0,0
1870,HLA_1871,0,0,2,0,0,0,0,0,0,0,0,0,0,0,0,0
1871,HLA_1872,0,0,0,0,1,0,1,0,0,0,0,0,0,0,0,0
1872,HLA_1873,1,1,0,0,0,0,0,0,0,0,0,0,0,0,0,0
1873,HLA_1874,0,1,0,0,1,0,0,0,0,0,0,0,0,0,0,0
1874,HLA_1875,0,0,1,0,0,0,0,1,0,0,0,0,0,0,0,0
1875,HLA_1876,1,0,1,0,0,0,0,0,0,0,0,0,0,0,0,0
1876,HLA_1877,0,0,2,0,0,0,0,0,0,0,0,0,0,0,0,0
1877,HLA_1878,0,1,0,0,0,1,0,0,0,0,0,0,0,0,0,0
1878,HLA_1879,0,0,0,2,0,0,0,0,0,0,0,0,0,0,0,0
1879,HLA_1880,0,0,2,0,0,0,0,0,0,0,0,0,0,0,0,0
1880,HLA_1881,1,0,0,0,1,0,0,0,0,0,0,0,0,0,0,0
1881,HLA_1882,0,1,0,0,1,0,0,0,0,0,0,0,0,0,0,0
1882,HLA_1883,0,0,0,1,1,0,0,0,0,0,0,0,0,0,0,0
1883,HLA_1884,0,0,1,1,0,0,0,0,0,0,0,0,0,0,0,0
1884,HLA_1885,0,0,0,1,1,0,0,0,0,0,0,0,0,0,0,0
1885,HLA_1886,0,0,1,0,0,0,0,0,1,0,0,0,0,0,0,0
1886,HLA_1887,1,0,1,0,0,0,0,0,0,0,0,0,0,0,0,0
1887,HLA_1888,0,0,0,1,0,1,0,0,0,0,0,0,0,0,0,0
1888,HLA_1889,0,0,2,0,0,0,0,0,0,0,0,0,0,0,0,0
1889,HLA_1890,0,1,0,0,0,0,0,1,0,0,0,0,0,0,0,0
1890,HLA_1891,0,0,0,0,0,0,1,0,0,0,0,1,0,0,0,0
1891,HLA_1892,0,0,0,0,0,1,0,1,0,0,0,0,0,0,0,0
1892,HLA_1893,0,0,2,0,0,0,0,0,0,0,0,0,0,0,0,0
1893,HLA_1894,0,1,1,0,0,0,0,0,0,0,0,0,0,0,0,0
1894,HLA_1895,0,0,0,1,0,0,0,1,0,0,0,0,0,0,0,0
1895,HLA_1896,0,0,1,0,0,0,0,0,0,0,0,1,0,0,0,0
1896,HLA_1897,0,0,1,0,1,0,0,0,0,0,0,0,0,0,0,0
1897,HLA_1898,0,1,0,1,0,0,0,0,0,0,0,0,0,0,0,0
1898,HLA_1899,0,0,0,0,1,0,0,0,0,0,0,0,0,1,0,0
1899,HLA_1900,0,0,1,0,0,0,0,0,1,0,0,0,0,0,0,0
1900,HLA_1901,0,0,1,0,0,0,0,0,1,0,0,0,0,0,0,0
1901,HLA_1902,0,0,2,0,0,0,0,0,0,0,0,0,0,0,0,0
1902,HLA_1903,0,0,0,1,1,0,0,0,0,0,0,0,0,0,0,0
1903,HLA_1904,0,0,0,0,0,2,0,0,0,0,0,0,0,0,0,0
1904,HLA_1905,0,0,0,0,0,0,0,0,0,0,0,1,1,0,0,0
1905,HLA_1906,0,0,1,0,0,0,0,0,0,0,0,1,0,0,0,0
1906,HLA_1907,0,0,0,0,0,1,1,0,0,0,0,0,0,0,0,0
1907,HLA_1908,0,0,0,0,0,1,0,0,0,0,0,0,0,1,0,0
1908,HLA_1909,0,0,0,0,1,1,0,0,0,0,0,0,0,0,0,0
1909,HLA_1910,0,0,0,0,1,1,0,0,0,0,0,0,0,0,0,0
1910,HLA_1911,0,0,1,0,0,0,0,0,1,0,0,0,0,0,0,0
1911,HLA_1912,0,0,0,0,0,0,0,1,0,0,0,1,0,0,0,0
1912,HLA_1913,1,1,0,0,0,0,0,0,0,0,0,0,0,0,0,0
1913,HLA_1914,0,0,0,0,0,0,1,0,0,0,0,0,0,1,0,0
1914,HLA_1915,0,0,1,0,0,0,1,0,0,0,0,0,0,0,0,0
1915,HLA_1916,0,0,0,0,0,0,2,0,0,0,0,0,0,0,0,0
1916,HLA_1917,0,2,0,0,0,0,0,0,0,0,0,0,0,0,0,0
1917,HLA_1918,0,0,0,0,1,0,1,0,0,0,0,0,0,0,0,0
1918,HLA_1919,0,0,0,0,0,1,1,0,0,0,0,0,0,0,0,0
1919,HLA_1920,0,0,0,0,1,0,0,1,0,0,0,0,0,0,0,0
1920,HLA_1921,1,0,0,0,1,0,0,0,0,0,0,0,0,0,0,0
1921,HLA_1922,0,0,1,0,0,0,1,0,0,0,0,0,0,0,0,0
1922,HLA_1923,0,0,1,0,0,0,0,0,1,0,0,0,0,0,0,0
1923,HLA_1924,0,0,0,0,0,1,0,0,0,0,0,1,0,0,0,0
1924,HLA_1925,0,0,0,0,0,0,0,0,0,2,0,0,0,0,0,0
1925,HLA_1926,0,0,0,0,1,0,1,0,0,0,0,0,0,0,0,0
1926,HLA_1927,0,0,1,0,0,0,0,0,0,0,0,1,0,0,0,0
1927,HLA_1928,0,0,1,0,1,0,0,0,0,0,0,0,0,0,0,0
1928,HLA_1929,0,0,1,1,0,0,0,0,0,0,0,0,0,0,0,0
1929,HLA_1930,0,0,0,0,1,0,1,0,0,0,0,0,0,0,0,0
1930,HLA_1931,1,0,0,0,0,0,0,0,0,0,0,0,0,1,0,0
1931,HLA_1932,1,0,1,0,0,0,0,0,0,0,0,0,0,0,0,0
1932,HLA_1933,0,0,1,0,0,1,0,0,0,0,0,0,0,0,0,0
1933,HLA_1934,0,0,1,0,0,0,0,1,0,0,0,0,0,0,0,0
1934,HLA_1935,0,0,1,0,1,0,0,0,0,0,0,0,0,0,0,0
1935,HLA_1936,1,0,0,0,0,0,0,0,0,0,0,0,1,0,0,0
1936,HLA_1937,0,1,0,0,1,0,0,0,0,0,0,0,0,0,0,0
1937,HLA_1938,0,0,1,0,0,0,0,0,0,0,1,0,0,0,0,0
1938,HLA_1939,0,0,1,0,0,0,0,1,0,0,0,0,0,0,0,0
1939,HLA_1940,0,0,1,0,1,0,0,0,0,0,0,0,0,0,0,0
1940,HLA_1941,0,0,1,0,0,0,1,0,0,0,0,0,0,0,0,0
1941,HLA_1942,1,0,0,1,0,0,0,0,0,0,0,0,0,0,0,0
1942,HLA_1943,0,0,1,0,1,0,0,0,0,0,0,0,0,0,0,0
1943,HLA_1944,0,0,1,0,0,0,0,0,0,0,0,1,0,0,0,0
1944,HLA_1945,1,0,0,0,1,0,0,0,0,0,0,0,0,0,0,0
1945,HLA_1946,0,0,2,0,0,0,0,0,0,0,0,0,0,0,0,0
1946,HLA_1947,0,0,1,0,0,0,0,1,0,0,0,0,0,0,0,0
1947,HLA_1948,0,1,0,0,0,0,1,0,0,0,0,0,0,0,0,0
1948,HLA_1949,0,0,1,0,0,0,0,1,0,0,0,0,0,0,0,0
1949,HLA_1950,1,0,0,0,1,0,0,0,0,0,0,0,0,0,0,0
1950,HLA_1951,0,0,1,0,0,0,0,0,0,0,0,0,0,1,0,0
1951,HLA_1952,0,0,1,1,0,0,0,0,0,0,0,0,0,0,0,0
1952,HLA_1953,1,0,0,0,0,0,1,0,0,0,0,0,0,0,0,0
1953,HLA_1954,0,0,0,1,1,0,0,0,0,0,0,0,0,0,0,0
1954,HLA_1955,1,0,0,1,0,0,0,0,0,0,0,0,0,0,0,0
1955,HLA_1956,0,0,0,0,0,1,1,0,0,0,0,0,0,0,0,0
1956,HLA_1957,0,1,0,0,0,0,0,0,0,0,0,0,0,1,0,0
1957,HLA_1958,1,0,0,0,0,0,0,0,1,0,0,0,0,0,0,0
1958,HLA_1959,0,0,1,0,1,0,0,0,0,0,0,0,0,0,0,0
1959,HLA_1960,0,0,1,0,0,0,0,1,0,0,0,0,0,0,0,0
1960,HLA_1961,0,0,1,0,1,0,0,0,0,0,0,0,0,0,0,0
1961,HLA_1962,0,0,0,1,0,0,0,0,0,1,0,0,0,0,0,0
1962,HLA_1963,1,0,0,0,0,0,0,0,0,0,0,1,0,0,0,0
1963,HLA_1964,0,0,1,0,0,0,0,0,0,0,0,1,0,0,0,0
1964,HLA_1965,1,0,1,0,0,0,0,0,0,0,0,0,0,0,0,0
1965,HLA_1966,1,0,0,0,0,1,0,0,0,0,0,0,0,0,0,0
1966,HLA_1967,1,1,0,0,0,0,0,0,0,0,0,0,0,0,0,0
1967,HLA_1968,0,0,0,0,0,1,0,1,0,0,0,0,0,0,0,0
1968,HLA_1969,0,1,1,0,0,0,0,0,0,0,0,0,0,0,0,0
1969,HLA_1970,1,0,1,0,0,0,0,0,0,0,0,0,0,0,0,0
1970,HLA_1971,0,0,1,0,0,0,1,0,0,0,0,0,0,0,0,0
1971,HLA_1972,1,0,0,0,0,0,1,0,0,0,0,0,0,0,0,0
1972,HLA_1973,0,0,0,0,2,0,0,0,0,0,0,0,0,0,0,0
1973,HLA_1974,0,0,0,0,1,0,1,0,0,0,0,0,0,0,0,0
1974,HLA_1975,0,0,2,0,0,0,0,0,0,0,0,0,0,0,0,0
1975,HLA_1976,1,0,1,0,0,0,0,0,0,0,0,0,0,0,0,0
1976,HLA_1977,0,2,0,0,0,0,0,0,0,0,0,0,0,0,0,0
1977,HLA_1978,1,1,0,0,0,0,0,0,0,0,0,0,0,0,0,0
1978,HLA_1979,1,1,0,0,0,0,0,0,0,0,0,0,0,0,0,0
1979,HLA_1980,0,0,1,0,1,0,0,0,0,0,0,0,0,0,0,0
1980,HLA_1981,0,0,0,0,0,0,0,1,0,1,0,0,0,0,0,0
1981,HLA_1982,0,0,0,0,1,0,1,0,0,0,0,0,0,0,0,0
1982,HLA_1983,0,0,0,0,1,0,1,0,0,0,0,0,0,0,0,0
1983,HLA_1984,0,0,1,0,0,0,0,0,0,0,0,0,0,1,0,0
1984,HLA_1985,0,0,0,1,0,0,0,0,0,0,0,0,0,1,0,0
1985,HLA_1986,2,0,0,0,0,0,0,0,0,0,0,0,0,0,0,0
1986,HLA_1987,1,0,0,1,0,0,0,0,0,0,0,0,0,0,0,0
1987,HLA_1988,2,0,0,0,0,0,0,0,0,0,0,0,0,0,0,0
1988,HLA_1989,0,0,1,0,0,1,0,0,0,0,0,0,0,0,0,0
1989,HLA_1990,0,0,1,0,0,0,0,0,1,0,0,0,0,0,0,0
1990,HLA_1991,0,0,1,0,1,0,0,0,0,0,0,0,0,0,0,0
1991,HLA_1992,0,2,0,0,0,0,0,0,0,0,0,0,0,0,0,0
1992,HLA_1993,0,0,0,1,1,0,0,0,0,0,0,0,0,0,0,0
1993,HLA_1994,2,0,0,0,0,0,0,0,0,0,0,0,0,0,0,0
1994,HLA_1995,0,0,0,0,0,0,1,0,0,0,0,0,0,1,0,0
1995,HLA_1996,0,0,1,0,0,0,0,0,0,0,0,0,0,1,0,0
1996,HLA_1997,0,0,0,0,1,0,0,0,0,0,0,0,1,0,0,0
1997,HLA_1998,0,0,0,1,1,0,0,0,0,0,0,0,0,0,0,0
1998,HLA_1999,1,0,0,0,1,0,0,0,0,0,0,0,0,0,0,0
1999,HLA_2000,0,1,1,0,0,0,0,0,0,0,0,0,0,0,0,0
